{"type":"FeatureCollection","features":[{"type":"Feature","geometry":{"type":"Point","coordinates":[-74.12053,40.706755]},"properties":{"id":"LPR-0002-01","name":"LPR-0002-01"}},{"type":"Feature","geometry":{"type":"Point","coordinates":[-74.119954,40.706934]},"properties":{"id":"LPR-0002-02","name":"LPR-0002-02"}},{"type":"Feature","geometry":{"type":"Point","coordinates":[-74.119716,40.707471]},"properties":{"id":"LPR-0005-01","name":"LPR-0005-01"}},{"type":"Feature","geometry":{"type":"Point","coordinates":[-74.119296,40.707602]},"properties":{"id":"LPR-0005-02","name":"LPR-0005-02"}},{"type":"Feature","geometry":{"type":"Point","coordinates":[-74.120467,40.707278]},"properties":{"id":"LPR-0005-04","name":"LPR-0005-04"}},{"type":"Feature","geometry":{"type":"Point","coordinates":[-74.120028,40.707401]},"properties":{"id":"LPR-0005-05","name":"LPR-0005-05"}},{"type":"Feature","geometry":{"type":"Point","coordinates":[-74.118448,40.708445]},"properties":{"id":"LPR-0009-02","name":"LPR-0009-02"}},{"type":"Feature","geometry":{"type":"Point","coordinates":[-74.120973,40.707828]},"properties":{"id":"LPR-0010-02","name":"LPR-0010-02"}},{"type":"Feature","geometry":{"type":"Point","coordinates":[-74.120683,40.707897]},"properties":{"id":"LPR-0010-03","name":"LPR-0010-03"}},{"type":"Feature","geometry":{"type":"Point","coordinates":[-74.120405,40.707971]},"properties":{"id":"LPR-0010-04","name":"LPR-0010-04"}},{"type":"Feature","geometry":{"type":"Point","coordinates":[-74.120107,40.708052]},"properties":{"id":"LPR-0010-05","name":"LPR-0010-05"}},{"type":"Feature","geometry":{"type":"Point","coordinates":[-74.119818,40.708119]},"properties":{"id":"LPR-0010-06","name":"LPR-0010-06"}},{"type":"Feature","geometry":{"type":"Point","coordinates":[-74.119533,40.708182]},"properties":{"id":"LPR-0010-07","name":"LPR-0010-07"}},{"type":"Feature","geometry":{"type":"Point","coordinates":[-74.119248,40.708262]},"properties":{"id":"LPR-0010-08","name":"LPR-0010-08"}},{"type":"Feature","geometry":{"type":"Point","coordinates":[-74.120732,40.708647]},"properties":{"id":"LPR-0014-01","name":"LPR-0014-01"}},{"type":"Feature","geometry":{"type":"Point","coordinates":[-74.117795,40.709294]},"properties":{"id":"LPR-0014-02","name":"LPR-0014-02"}},{"type":"Feature","geometry":{"type":"Point","coordinates":[-74.121257,40.708595]},"properties":{"id":"LPR-0015-01","name":"LPR-0015-01"}},{"type":"Feature","geometry":{"type":"Point","coordinates":[-74.121102,40.708556]},"properties":{"id":"LPR-0015-03","name":"LPR-0015-03"}},{"type":"Feature","geometry":{"type":"Point","coordinates":[-74.120427,40.70873]},"properties":{"id":"LPR-0015-04","name":"LPR-0015-04"}},{"type":"Feature","geometry":{"type":"Point","coordinates":[-74.119073,40.709308]},"properties":{"id":"LPR-0016-01","name":"LPR-0016-01"}},{"type":"Feature","geometry":{"type":"Point","coordinates":[-74.120743,40.709157]},"properties":{"id":"LPR-0018-01","name":"LPR-0018-01"}},{"type":"Feature","geometry":{"type":"Point","coordinates":[-74.117144,40.710149]},"properties":{"id":"LPR-0018-02","name":"LPR-0018-02"}},{"type":"Feature","geometry":{"type":"Point","coordinates":[-74.121602,40.709199]},"properties":{"id":"LPR-0020-02","name":"LPR-0020-02"}},{"type":"Feature","geometry":{"type":"Point","coordinates":[-74.121338,40.709262]},"properties":{"id":"LPR-0020-03","name":"LPR-0020-03"}},{"type":"Feature","geometry":{"type":"Point","coordinates":[-74.121056,40.709332]},"properties":{"id":"LPR-0020-04","name":"LPR-0020-04"}},{"type":"Feature","geometry":{"type":"Point","coordinates":[-74.120796,40.709393]},"properties":{"id":"LPR-0020-05","name":"LPR-0020-05"}},{"type":"Feature","geometry":{"type":"Point","coordinates":[-74.120526,40.70947]},"properties":{"id":"LPR-0020-06","name":"LPR-0020-06"}},{"type":"Feature","geometry":{"type":"Point","coordinates":[-74.120248,40.709533]},"properties":{"id":"LPR-0020-07","name":"LPR-0020-07"}},{"type":"Feature","geometry":{"type":"Point","coordinates":[-74.119989,40.709602]},"properties":{"id":"LPR-0020-08","name":"LPR-0020-08"}},{"type":"Feature","geometry":{"type":"Point","coordinates":[-74.118432,40.710154]},"properties":{"id":"LPR-0021-01","name":"LPR-0021-01"}},{"type":"Feature","geometry":{"type":"Point","coordinates":[-74.120745,40.709776]},"properties":{"id":"LPR-0022-01","name":"LPR-0022-01"}},{"type":"Feature","geometry":{"type":"Point","coordinates":[-74.121032,40.709911]},"properties":{"id":"LPR-0023-01","name":"LPR-0023-01"}},{"type":"Feature","geometry":{"type":"Point","coordinates":[-74.119734,40.710152]},"properties":{"id":"LPR-0023-02","name":"LPR-0023-02"}},{"type":"Feature","geometry":{"type":"Point","coordinates":[-74.11648,40.711015]},"properties":{"id":"LPR-0023-03","name":"LPR-0023-03"}},{"type":"Feature","geometry":{"type":"Point","coordinates":[-74.121941,40.709599]},"properties":{"id":"LPR-0023-MB-W","name":"LPR-0023-MB-W"}},{"type":"Feature","geometry":{"type":"Point","coordinates":[-74.121897,40.709826]},"properties":{"id":"LPR-0024-01","name":"LPR-0024-01"}},{"type":"Feature","geometry":{"type":"Point","coordinates":[-74.117768,40.711013]},"properties":{"id":"LPR-0025-01","name":"LPR-0025-01"}},{"type":"Feature","geometry":{"type":"Point","coordinates":[-74.121573,40.710067]},"properties":{"id":"LPR-0025-02","name":"LPR-0025-02"}},{"type":"Feature","geometry":{"type":"Point","coordinates":[-74.12155,40.710272]},"properties":{"id":"LPR-0026-01","name":"LPR-0026-01"}},{"type":"Feature","geometry":{"type":"Point","coordinates":[-74.119088,40.711015]},"properties":{"id":"LPR-0027-01","name":"LPR-0027-01"}},{"type":"Feature","geometry":{"type":"Point","coordinates":[-74.115829,40.711868]},"properties":{"id":"LPR-0027-02","name":"LPR-0027-02"}},{"type":"Feature","geometry":{"type":"Point","coordinates":[-74.120381,40.711015]},"properties":{"id":"LPR-0029-01","name":"LPR-0029-01"}},{"type":"Feature","geometry":{"type":"Point","coordinates":[-74.122382,40.710526]},"properties":{"id":"LPR-0030-01","name":"LPR-0030-01"}},{"type":"Feature","geometry":{"type":"Point","coordinates":[-74.122138,40.71059]},"properties":{"id":"LPR-0030-02","name":"LPR-0030-02"}},{"type":"Feature","geometry":{"type":"Point","coordinates":[-74.12188,40.710658]},"properties":{"id":"LPR-0030-03","name":"LPR-0030-03"}},{"type":"Feature","geometry":{"type":"Point","coordinates":[-74.121635,40.710708]},"properties":{"id":"LPR-0030-04","name":"LPR-0030-04"}},{"type":"Feature","geometry":{"type":"Point","coordinates":[-74.121381,40.710786]},"properties":{"id":"LPR-0030-05","name":"LPR-0030-05"}},{"type":"Feature","geometry":{"type":"Point","coordinates":[-74.121127,40.710838]},"properties":{"id":"LPR-0030-06","name":"LPR-0030-06"}},{"type":"Feature","geometry":{"type":"Point","coordinates":[-74.120879,40.710898]},"properties":{"id":"LPR-0030-07","name":"LPR-0030-07"}},{"type":"Feature","geometry":{"type":"Point","coordinates":[-74.12062,40.710972]},"properties":{"id":"LPR-0030-08","name":"LPR-0030-08"}},{"type":"Feature","geometry":{"type":"Point","coordinates":[-74.117135,40.711862]},"properties":{"id":"LPR-0030-09","name":"LPR-0030-09"}},{"type":"Feature","geometry":{"type":"Point","coordinates":[-74.118424,40.711867]},"properties":{"id":"LPR-0032-02","name":"LPR-0032-02"}},{"type":"Feature","geometry":{"type":"Point","coordinates":[-74.115176,40.71271]},"properties":{"id":"LPR-0032-03","name":"LPR-0032-03"}},{"type":"Feature","geometry":{"type":"Point","coordinates":[-74.119728,40.711865]},"properties":{"id":"LPR-0034-02","name":"LPR-0034-02"}},{"type":"Feature","geometry":{"type":"Point","coordinates":[-74.116465,40.712723]},"properties":{"id":"LPR-0034-03","name":"LPR-0034-03"}},{"type":"Feature","geometry":{"type":"Point","coordinates":[-74.122479,40.71116]},"properties":{"id":"LPR-0034-04","name":"LPR-0034-04"}},{"type":"Feature","geometry":{"type":"Point","coordinates":[-74.122223,40.711235]},"properties":{"id":"LPR-0034-05","name":"LPR-0034-05"}},{"type":"Feature","geometry":{"type":"Point","coordinates":[-74.121739,40.711355]},"properties":{"id":"LPR-0034-06","name":"LPR-0034-06"}},{"type":"Feature","geometry":{"type":"Point","coordinates":[-74.121442,40.711414]},"properties":{"id":"LPR-0034-07","name":"LPR-0034-07"}},{"type":"Feature","geometry":{"type":"Point","coordinates":[-74.121121,40.711498]},"properties":{"id":"LPR-0034-08","name":"LPR-0034-08"}},{"type":"Feature","geometry":{"type":"Point","coordinates":[-74.117762,40.712727]},"properties":{"id":"LPR-0036-01","name":"LPR-0036-01"}},{"type":"Feature","geometry":{"type":"Point","coordinates":[-74.114516,40.713559]},"properties":{"id":"LPR-0036-02","name":"LPR-0036-02"}},{"type":"Feature","geometry":{"type":"Point","coordinates":[-74.122636,40.711465]},"properties":{"id":"LPR-0036-03","name":"LPR-0036-03"}},{"type":"Feature","geometry":{"type":"Point","coordinates":[-74.119072,40.712723]},"properties":{"id":"LPR-0039-01","name":"LPR-0039-01"}},{"type":"Feature","geometry":{"type":"Point","coordinates":[-74.122702,40.71198]},"properties":{"id":"LPR-0039-02","name":"LPR-0039-02"}},{"type":"Feature","geometry":{"type":"Point","coordinates":[-74.122729,40.711895]},"properties":{"id":"LPR-0039-03","name":"LPR-0039-03"}},{"type":"Feature","geometry":{"type":"Point","coordinates":[-74.122847,40.711825]},"properties":{"id":"LPR-0039-04","name":"LPR-0039-04"}},{"type":"Feature","geometry":{"type":"Point","coordinates":[-74.122847,40.711955]},"properties":{"id":"LPR-0040-01","name":"LPR-0040-01"}},{"type":"Feature","geometry":{"type":"Point","coordinates":[-74.122568,40.71201]},"properties":{"id":"LPR-0040-02","name":"LPR-0040-02"}},{"type":"Feature","geometry":{"type":"Point","coordinates":[-74.122284,40.712086]},"properties":{"id":"LPR-0040-03","name":"LPR-0040-03"}},{"type":"Feature","geometry":{"type":"Point","coordinates":[-74.122004,40.712153]},"properties":{"id":"LPR-0040-04","name":"LPR-0040-04"}},{"type":"Feature","geometry":{"type":"Point","coordinates":[-74.121718,40.712208]},"properties":{"id":"LPR-0040-05","name":"LPR-0040-05"}},{"type":"Feature","geometry":{"type":"Point","coordinates":[-74.121434,40.712263]},"properties":{"id":"LPR-0040-06","name":"LPR-0040-06"}},{"type":"Feature","geometry":{"type":"Point","coordinates":[-74.121153,40.712325]},"properties":{"id":"LPR-0040-07","name":"LPR-0040-07"}},{"type":"Feature","geometry":{"type":"Point","coordinates":[-74.120872,40.712375]},"properties":{"id":"LPR-0040-08","name":"LPR-0040-08"}},{"type":"Feature","geometry":{"type":"Point","coordinates":[-74.120367,40.71273]},"properties":{"id":"LPR-0043-01","name":"LPR-0043-01"}},{"type":"Feature","geometry":{"type":"Point","coordinates":[-74.122689,40.712949]},"properties":{"id":"LPR-0046-03","name":"LPR-0046-03"}},{"type":"Feature","geometry":{"type":"Point","coordinates":[-74.122325,40.712965]},"properties":{"id":"LPR-0046-04","name":"LPR-0046-04"}},{"type":"Feature","geometry":{"type":"Point","coordinates":[-74.121883,40.71297]},"properties":{"id":"LPR-0046-05","name":"LPR-0046-05"}},{"type":"Feature","geometry":{"type":"Point","coordinates":[-74.12299,40.713165]},"properties":{"id":"LPR-0047-02","name":"LPR-0047-02"}},{"type":"Feature","geometry":{"type":"Point","coordinates":[-74.122702,40.713167]},"properties":{"id":"LPR-0047-03","name":"LPR-0047-03"}},{"type":"Feature","geometry":{"type":"Point","coordinates":[-74.122415,40.713174]},"properties":{"id":"LPR-0047-04","name":"LPR-0047-04"}},{"type":"Feature","geometry":{"type":"Point","coordinates":[-74.12211,40.71319]},"properties":{"id":"LPR-0047-05","name":"LPR-0047-05"}},{"type":"Feature","geometry":{"type":"Point","coordinates":[-74.121825,40.713192]},"properties":{"id":"LPR-0047-06","name":"LPR-0047-06"}},{"type":"Feature","geometry":{"type":"Point","coordinates":[-74.121525,40.713204]},"properties":{"id":"LPR-0047-07","name":"LPR-0047-07"}},{"type":"Feature","geometry":{"type":"Point","coordinates":[-74.121235,40.713206]},"properties":{"id":"LPR-0047-08","name":"LPR-0047-08"}},{"type":"Feature","geometry":{"type":"Point","coordinates":[-74.120962,40.713214]},"properties":{"id":"LPR-0047-09","name":"LPR-0047-09"}},{"type":"Feature","geometry":{"type":"Point","coordinates":[-74.119715,40.713628]},"properties":{"id":"LPR-0049-01","name":"LPR-0049-01"}},{"type":"Feature","geometry":{"type":"Point","coordinates":[-74.118412,40.713705]},"properties":{"id":"LPR-0049-02","name":"LPR-0049-02"}},{"type":"Feature","geometry":{"type":"Point","coordinates":[-74.117116,40.713751]},"properties":{"id":"LPR-0049-03","name":"LPR-0049-03"}},{"type":"Feature","geometry":{"type":"Point","coordinates":[-74.115849,40.713799]},"properties":{"id":"LPR-0049-04","name":"LPR-0049-04"}},{"type":"Feature","geometry":{"type":"Point","coordinates":[-74.122489,40.714061]},"properties":{"id":"LPR-0053-02","name":"LPR-0053-02"}},{"type":"Feature","geometry":{"type":"Point","coordinates":[-74.115168,40.714417]},"properties":{"id":"LPR-0054-01","name":"LPR-0054-01"}},{"type":"Feature","geometry":{"type":"Point","coordinates":[-74.113982,40.714554]},"properties":{"id":"LPR-0054-02","name":"LPR-0054-02"}},{"type":"Feature","geometry":{"type":"Point","coordinates":[-74.120238,40.714215]},"properties":{"id":"LPR-0054-04","name":"LPR-0054-04"}},{"type":"Feature","geometry":{"type":"Point","coordinates":[-74.119804,40.714205]},"properties":{"id":"LPR-0054-05","name":"LPR-0054-05"}},{"type":"Feature","geometry":{"type":"Point","coordinates":[-74.119054,40.714438]},"properties":{"id":"LPR-0055-02","name":"LPR-0055-02"}},{"type":"Feature","geometry":{"type":"Point","coordinates":[-74.117753,40.714439]},"properties":{"id":"LPR-0055-03","name":"LPR-0055-03"}},{"type":"Feature","geometry":{"type":"Point","coordinates":[-74.116464,40.714437]},"properties":{"id":"LPR-0055-04","name":"LPR-0055-04"}},{"type":"Feature","geometry":{"type":"Point","coordinates":[-74.122971,40.714409]},"properties":{"id":"LPR-0056-01","name":"LPR-0056-01"}},{"type":"Feature","geometry":{"type":"Point","coordinates":[-74.12292,40.714402]},"properties":{"id":"LPR-0056-01R","name":"LPR-0056-01R"}},{"type":"Feature","geometry":{"type":"Point","coordinates":[-74.121661,40.714507]},"properties":{"id":"LPR-0056-02","name":"LPR-0056-02"}},{"type":"Feature","geometry":{"type":"Point","coordinates":[-74.121233,40.714716]},"properties":{"id":"LPR-0057-02","name":"LPR-0057-02"}},{"type":"Feature","geometry":{"type":"Point","coordinates":[-74.123114,40.714586]},"properties":{"id":"LPR-0057-MB-W","name":"LPR-0057-MB-W"}},{"type":"Feature","geometry":{"type":"Point","coordinates":[-74.122942,40.714971]},"properties":{"id":"LPR-0060-02","name":"LPR-0060-02"}},{"type":"Feature","geometry":{"type":"Point","coordinates":[-74.122639,40.714993]},"properties":{"id":"LPR-0060-03","name":"LPR-0060-03"}},{"type":"Feature","geometry":{"type":"Point","coordinates":[-74.122343,40.714989]},"properties":{"id":"LPR-0060-04","name":"LPR-0060-04"}},{"type":"Feature","geometry":{"type":"Point","coordinates":[-74.122048,40.71499]},"properties":{"id":"LPR-0060-05","name":"LPR-0060-05"}},{"type":"Feature","geometry":{"type":"Point","coordinates":[-74.121732,40.71501]},"properties":{"id":"LPR-0060-06","name":"LPR-0060-06"}},{"type":"Feature","geometry":{"type":"Point","coordinates":[-74.121158,40.715021]},"properties":{"id":"LPR-0060-08","name":"LPR-0060-08"}},{"type":"Feature","geometry":{"type":"Point","coordinates":[-74.115814,40.715281]},"properties":{"id":"LPR-0060-09","name":"LPR-0060-09"}},{"type":"Feature","geometry":{"type":"Point","coordinates":[-74.114512,40.715268]},"properties":{"id":"LPR-0060-10","name":"LPR-0060-10"}},{"type":"Feature","geometry":{"type":"Point","coordinates":[-74.11321,40.715264]},"properties":{"id":"LPR-0060-11","name":"LPR-0060-11"}},{"type":"Feature","geometry":{"type":"Point","coordinates":[-74.120994,40.715293]},"properties":{"id":"LPR-0061-01","name":"LPR-0061-01"}},{"type":"Feature","geometry":{"type":"Point","coordinates":[-74.117103,40.715293]},"properties":{"id":"LPR-0061-04","name":"LPR-0061-04"}},{"type":"Feature","geometry":{"type":"Point","coordinates":[-74.119746,40.715361]},"properties":{"id":"LPR-0062-01","name":"LPR-0062-01"}},{"type":"Feature","geometry":{"type":"Point","coordinates":[-74.118456,40.715396]},"properties":{"id":"LPR-0062-02","name":"LPR-0062-02"}},{"type":"Feature","geometry":{"type":"Point","coordinates":[-74.123157,40.715331]},"properties":{"id":"LPR-0062-MB-W","name":"LPR-0062-MB-W"}},{"type":"Feature","geometry":{"type":"Point","coordinates":[-74.12303,40.715427]},"properties":{"id":"LPR-0063-01","name":"LPR-0063-01"}},{"type":"Feature","geometry":{"type":"Point","coordinates":[-74.115158,40.716139]},"properties":{"id":"LPR-0066-02","name":"LPR-0066-02"}},{"type":"Feature","geometry":{"type":"Point","coordinates":[-74.11384,40.716138]},"properties":{"id":"LPR-0066-03","name":"LPR-0066-03"}},{"type":"Feature","geometry":{"type":"Point","coordinates":[-74.112561,40.716127]},"properties":{"id":"LPR-0066-04","name":"LPR-0066-04"}},{"type":"Feature","geometry":{"type":"Point","coordinates":[-74.117625,40.715997]},"properties":{"id":"LPR-0066-05","name":"LPR-0066-05"}},{"type":"Feature","geometry":{"type":"Point","coordinates":[-74.116201,40.716086]},"properties":{"id":"LPR-0066-06","name":"LPR-0066-06"}},{"type":"Feature","geometry":{"type":"Point","coordinates":[-74.12034,40.716161]},"properties":{"id":"LPR-0067-01","name":"LPR-0067-01"}},{"type":"Feature","geometry":{"type":"Point","coordinates":[-74.119049,40.716153]},"properties":{"id":"LPR-0067-02","name":"LPR-0067-02"}},{"type":"Feature","geometry":{"type":"Point","coordinates":[-74.122949,40.716434]},"properties":{"id":"LPR-0070-02","name":"LPR-0070-02"}},{"type":"Feature","geometry":{"type":"Point","coordinates":[-74.122659,40.716431]},"properties":{"id":"LPR-0070-03","name":"LPR-0070-03"}},{"type":"Feature","geometry":{"type":"Point","coordinates":[-74.12207,40.716449]},"properties":{"id":"LPR-0070-05","name":"LPR-0070-05"}},{"type":"Feature","geometry":{"type":"Point","coordinates":[-74.121788,40.716442]},"properties":{"id":"LPR-0070-06","name":"LPR-0070-06"}},{"type":"Feature","geometry":{"type":"Point","coordinates":[-74.121495,40.716441]},"properties":{"id":"LPR-0070-07","name":"LPR-0070-07"}},{"type":"Feature","geometry":{"type":"Point","coordinates":[-74.121206,40.716444]},"properties":{"id":"LPR-0070-08","name":"LPR-0070-08"}},{"type":"Feature","geometry":{"type":"Point","coordinates":[-74.122447,40.716782]},"properties":{"id":"LPR-0072-01","name":"LPR-0072-01"}},{"type":"Feature","geometry":{"type":"Point","coordinates":[-74.120982,40.717005]},"properties":{"id":"LPR-0074-02","name":"LPR-0074-02"}},{"type":"Feature","geometry":{"type":"Point","coordinates":[-74.119684,40.717011]},"properties":{"id":"LPR-0074-03","name":"LPR-0074-03"}},{"type":"Feature","geometry":{"type":"Point","coordinates":[-74.11839,40.717005]},"properties":{"id":"LPR-0074-04","name":"LPR-0074-04"}},{"type":"Feature","geometry":{"type":"Point","coordinates":[-74.117094,40.717003]},"properties":{"id":"LPR-0074-05","name":"LPR-0074-05"}},{"type":"Feature","geometry":{"type":"Point","coordinates":[-74.11579,40.716994]},"properties":{"id":"LPR-0074-06","name":"LPR-0074-06"}},{"type":"Feature","geometry":{"type":"Point","coordinates":[-74.122349,40.717296]},"properties":{"id":"LPR-0075-01","name":"LPR-0075-01"}},{"type":"Feature","geometry":{"type":"Point","coordinates":[-74.12199,40.717309]},"properties":{"id":"LPR-0076-01","name":"LPR-0076-01"}},{"type":"Feature","geometry":{"type":"Point","coordinates":[-74.123213,40.717978]},"properties":{"id":"LPR-0080-01","name":"LPR-0080-01"}},{"type":"Feature","geometry":{"type":"Point","coordinates":[-74.122931,40.71794]},"properties":{"id":"LPR-0080-02","name":"LPR-0080-02"}},{"type":"Feature","geometry":{"type":"Point","coordinates":[-74.122639,40.717904]},"properties":{"id":"LPR-0080-03","name":"LPR-0080-03"}},{"type":"Feature","geometry":{"type":"Point","coordinates":[-74.12235,40.717883]},"properties":{"id":"LPR-0080-04","name":"LPR-0080-04"}},{"type":"Feature","geometry":{"type":"Point","coordinates":[-74.122053,40.717852]},"properties":{"id":"LPR-0080-05","name":"LPR-0080-05"}},{"type":"Feature","geometry":{"type":"Point","coordinates":[-74.121768,40.717802]},"properties":{"id":"LPR-0080-06","name":"LPR-0080-06"}},{"type":"Feature","geometry":{"type":"Point","coordinates":[-74.121465,40.717777]},"properties":{"id":"LPR-0080-07","name":"LPR-0080-07"}},{"type":"Feature","geometry":{"type":"Point","coordinates":[-74.121176,40.717737]},"properties":{"id":"LPR-0080-08","name":"LPR-0080-08"}},{"type":"Feature","geometry":{"type":"Point","coordinates":[-74.120337,40.717857]},"properties":{"id":"LPR-0081-01","name":"LPR-0081-01"}},{"type":"Feature","geometry":{"type":"Point","coordinates":[-74.114506,40.716989]},"properties":{"id":"LPR-0081-02","name":"LPR-0081-02"}},{"type":"Feature","geometry":{"type":"Point","coordinates":[-74.119039,40.717857]},"properties":{"id":"LPR-0082-01","name":"LPR-0082-01"}},{"type":"Feature","geometry":{"type":"Point","coordinates":[-74.113196,40.716987]},"properties":{"id":"LPR-0082-02","name":"LPR-0082-02"}},{"type":"Feature","geometry":{"type":"Point","coordinates":[-74.117065,40.717559]},"properties":{"id":"LPR-0082-03","name":"LPR-0082-03"}},{"type":"Feature","geometry":{"type":"Point","coordinates":[-74.123257,40.718584]},"properties":{"id":"LPR-0083-01","name":"LPR-0083-01"}},{"type":"Feature","geometry":{"type":"Point","coordinates":[-74.111904,40.716981]},"properties":{"id":"LPR-0083-02","name":"LPR-0083-02"}},{"type":"Feature","geometry":{"type":"Point","coordinates":[-74.122631,40.718506]},"properties":{"id":"LPR-0084-01","name":"LPR-0084-01"}},{"type":"Feature","geometry":{"type":"Point","coordinates":[-74.117748,40.717864]},"properties":{"id":"LPR-0084-02","name":"LPR-0084-02"}},{"type":"Feature","geometry":{"type":"Point","coordinates":[-74.113835,40.717325]},"properties":{"id":"LPR-0084-03","name":"LPR-0084-03"}},{"type":"Feature","geometry":{"type":"Point","coordinates":[-74.122304,40.718615]},"properties":{"id":"LPR-0085-01","name":"LPR-0085-01"}},{"type":"Feature","geometry":{"type":"Point","coordinates":[-74.12274,40.718723]},"properties":{"id":"LPR-0085-02","name":"LPR-0085-02"}},{"type":"Feature","geometry":{"type":"Point","coordinates":[-74.119681,40.718728]},"properties":{"id":"LPR-0088-01","name":"LPR-0088-01"}},{"type":"Feature","geometry":{"type":"Point","coordinates":[-74.11255,40.71784]},"properties":{"id":"LPR-0088-03","name":"LPR-0088-03"}},{"type":"Feature","geometry":{"type":"Point","coordinates":[-74.122961,40.719196]},"properties":{"id":"LPR-0088-MB-W","name":"LPR-0088-MB-W"}},{"type":"Feature","geometry":{"type":"Point","coordinates":[-74.118393,40.718707]},"properties":{"id":"LPR-0089-01","name":"LPR-0089-01"}},{"type":"Feature","geometry":{"type":"Point","coordinates":[-74.111246,40.717829]},"properties":{"id":"LPR-0089-02","name":"LPR-0089-02"}},{"type":"Feature","geometry":{"type":"Point","coordinates":[-74.122553,40.719375]},"properties":{"id":"LPR-0090-02","name":"LPR-0090-02"}},{"type":"Feature","geometry":{"type":"Point","coordinates":[-74.122274,40.719333]},"properties":{"id":"LPR-0090-03","name":"LPR-0090-03"}},{"type":"Feature","geometry":{"type":"Point","coordinates":[-74.121967,40.719303]},"properties":{"id":"LPR-0090-04","name":"LPR-0090-04"}},{"type":"Feature","geometry":{"type":"Point","coordinates":[-74.121671,40.719261]},"properties":{"id":"LPR-0090-05","name":"LPR-0090-05"}},{"type":"Feature","geometry":{"type":"Point","coordinates":[-74.121369,40.719219]},"properties":{"id":"LPR-0090-06","name":"LPR-0090-06"}},{"type":"Feature","geometry":{"type":"Point","coordinates":[-74.121072,40.719178]},"properties":{"id":"LPR-0090-07","name":"LPR-0090-07"}},{"type":"Feature","geometry":{"type":"Point","coordinates":[-74.120769,40.719131]},"properties":{"id":"LPR-0090-08","name":"LPR-0090-08"}},{"type":"Feature","geometry":{"type":"Point","coordinates":[-74.122759,40.719519]},"properties":{"id":"LPR-0090-MB-W","name":"LPR-0090-MB-W"}},{"type":"Feature","geometry":{"type":"Point","coordinates":[-74.122718,40.719732]},"properties":{"id":"LPR-0092-MB-W","name":"LPR-0092-MB-W"}},{"type":"Feature","geometry":{"type":"Point","coordinates":[-74.120324,40.71958]},"properties":{"id":"LPR-0093-01","name":"LPR-0093-01"}},{"type":"Feature","geometry":{"type":"Point","coordinates":[-74.122658,40.719938]},"properties":{"id":"LPR-0093-MB-W","name":"LPR-0093-MB-W"}},{"type":"Feature","geometry":{"type":"Point","coordinates":[-74.119039,40.719581]},"properties":{"id":"LPR-0094-01","name":"LPR-0094-01"}},{"type":"Feature","geometry":{"type":"Point","coordinates":[-74.117808,40.719346]},"properties":{"id":"LPR-0094-02","name":"LPR-0094-02"}},{"type":"Feature","geometry":{"type":"Point","coordinates":[-74.122683,40.720307]},"properties":{"id":"LPR-0095-01","name":"LPR-0095-01"}},{"type":"Feature","geometry":{"type":"Point","coordinates":[-74.121699,40.720063]},"properties":{"id":"LPR-0095-02","name":"LPR-0095-02"}},{"type":"Feature","geometry":{"type":"Point","coordinates":[-74.11189,40.718693]},"properties":{"id":"LPR-0095-03","name":"LPR-0095-03"}},{"type":"Feature","geometry":{"type":"Point","coordinates":[-74.122076,40.720087]},"properties":{"id":"LPR-0095-04","name":"LPR-0095-04"}},{"type":"Feature","geometry":{"type":"Point","coordinates":[-74.110604,40.718686]},"properties":{"id":"LPR-0096-01","name":"LPR-0096-01"}},{"type":"Feature","geometry":{"type":"Point","coordinates":[-74.12255,40.720433]},"properties":{"id":"LPR-0097-01","name":"LPR-0097-01"}},{"type":"Feature","geometry":{"type":"Point","coordinates":[-74.119683,40.720425]},"properties":{"id":"LPR-0099-01","name":"LPR-0099-01"}},{"type":"Feature","geometry":{"type":"Point","coordinates":[-74.122575,40.720848]},"properties":{"id":"LPR-0100-01","name":"LPR-0100-01"}},{"type":"Feature","geometry":{"type":"Point","coordinates":[-74.122253,40.720812]},"properties":{"id":"LPR-0100-02","name":"LPR-0100-02"}},{"type":"Feature","geometry":{"type":"Point","coordinates":[-74.12195,40.72076]},"properties":{"id":"LPR-0100-03","name":"LPR-0100-03"}},{"type":"Feature","geometry":{"type":"Point","coordinates":[-74.121634,40.720724]},"properties":{"id":"LPR-0100-04","name":"LPR-0100-04"}},{"type":"Feature","geometry":{"type":"Point","coordinates":[-74.12132,40.720677]},"properties":{"id":"LPR-0100-05","name":"LPR-0100-05"}},{"type":"Feature","geometry":{"type":"Point","coordinates":[-74.121009,40.720636]},"properties":{"id":"LPR-0100-06","name":"LPR-0100-06"}},{"type":"Feature","geometry":{"type":"Point","coordinates":[-74.120698,40.720597]},"properties":{"id":"LPR-0100-07","name":"LPR-0100-07"}},{"type":"Feature","geometry":{"type":"Point","coordinates":[-74.120389,40.720557]},"properties":{"id":"LPR-0100-08","name":"LPR-0100-08"}},{"type":"Feature","geometry":{"type":"Point","coordinates":[-74.122082,40.720987]},"properties":{"id":"LPR-0101-01","name":"LPR-0101-01"}},{"type":"Feature","geometry":{"type":"Point","coordinates":[-74.121562,40.721476]},"properties":{"id":"LPR-0105-01","name":"LPR-0105-01"}},{"type":"Feature","geometry":{"type":"Point","coordinates":[-74.119014,40.721277]},"properties":{"id":"LPR-0106-01","name":"LPR-0106-01"}},{"type":"Feature","geometry":{"type":"Point","coordinates":[-74.121221,40.721679]},"properties":{"id":"LPR-0106-02","name":"LPR-0106-02"}},{"type":"Feature","geometry":{"type":"Point","coordinates":[-74.120643,40.721579]},"properties":{"id":"LPR-0106-03","name":"LPR-0106-03"}},{"type":"Feature","geometry":{"type":"Point","coordinates":[-74.122141,40.721927]},"properties":{"id":"LPR-0107-01","name":"LPR-0107-01"}},{"type":"Feature","geometry":{"type":"Point","coordinates":[-74.121681,40.721809]},"properties":{"id":"LPR-0107-02","name":"LPR-0107-02"}},{"type":"Feature","geometry":{"type":"Point","coordinates":[-74.120079,40.721568]},"properties":{"id":"LPR-0107-03","name":"LPR-0107-03"}},{"type":"Feature","geometry":{"type":"Point","coordinates":[-74.118576,40.72167]},"properties":{"id":"LPR-0109-02","name":"LPR-0109-02"}},{"type":"Feature","geometry":{"type":"Point","coordinates":[-74.121625,40.722725]},"properties":{"id":"LPR-0113-02","name":"LPR-0113-02"}},{"type":"Feature","geometry":{"type":"Point","coordinates":[-74.121943,40.7229]},"properties":{"id":"LPR-0114-MB-W","name":"LPR-0114-MB-W"}},{"type":"Feature","geometry":{"type":"Point","coordinates":[-74.1215,40.722984]},"properties":{"id":"LPR-0115-01","name":"LPR-0115-01"}},{"type":"Feature","geometry":{"type":"Point","coordinates":[-74.121064,40.722947]},"properties":{"id":"LPR-0115-02","name":"LPR-0115-02"}},{"type":"Feature","geometry":{"type":"Point","coordinates":[-74.12171,40.723468]},"properties":{"id":"LPR-0118-MB-W","name":"LPR-0118-MB-W"}},{"type":"Feature","geometry":{"type":"Point","coordinates":[-74.121608,40.72372]},"properties":{"id":"LPR-0120-01","name":"LPR-0120-01"}},{"type":"Feature","geometry":{"type":"Point","coordinates":[-74.121297,40.723647]},"properties":{"id":"LPR-0120-02","name":"LPR-0120-02"}},{"type":"Feature","geometry":{"type":"Point","coordinates":[-74.120991,40.723584]},"properties":{"id":"LPR-0120-03","name":"LPR-0120-03"}},{"type":"Feature","geometry":{"type":"Point","coordinates":[-74.120675,40.723504]},"properties":{"id":"LPR-0120-04","name":"LPR-0120-04"}},{"type":"Feature","geometry":{"type":"Point","coordinates":[-74.120362,40.723425]},"properties":{"id":"LPR-0120-05","name":"LPR-0120-05"}},{"type":"Feature","geometry":{"type":"Point","coordinates":[-74.120053,40.723357]},"properties":{"id":"LPR-0120-06","name":"LPR-0120-06"}},{"type":"Feature","geometry":{"type":"Point","coordinates":[-74.119744,40.723276]},"properties":{"id":"LPR-0120-07","name":"LPR-0120-07"}},{"type":"Feature","geometry":{"type":"Point","coordinates":[-74.119434,40.72321]},"properties":{"id":"LPR-0120-08","name":"LPR-0120-08"}},{"type":"Feature","geometry":{"type":"Point","coordinates":[-74.120094,40.724073]},"properties":{"id":"LPR-0124-01","name":"LPR-0124-01"}},{"type":"Feature","geometry":{"type":"Point","coordinates":[-74.121322,40.725186]},"properties":{"id":"LPR-0130-01","name":"LPR-0130-01"}},{"type":"Feature","geometry":{"type":"Point","coordinates":[-74.120991,40.725106]},"properties":{"id":"LPR-0130-02","name":"LPR-0130-02"}},{"type":"Feature","geometry":{"type":"Point","coordinates":[-74.120645,40.725005]},"properties":{"id":"LPR-0130-03","name":"LPR-0130-03"}},{"type":"Feature","geometry":{"type":"Point","coordinates":[-74.120297,40.724928]},"properties":{"id":"LPR-0130-04","name":"LPR-0130-04"}},{"type":"Feature","geometry":{"type":"Point","coordinates":[-74.11994,40.724852]},"properties":{"id":"LPR-0130-05","name":"LPR-0130-05"}},{"type":"Feature","geometry":{"type":"Point","coordinates":[-74.119602,40.724767]},"properties":{"id":"LPR-0130-06","name":"LPR-0130-06"}},{"type":"Feature","geometry":{"type":"Point","coordinates":[-74.119249,40.724676]},"properties":{"id":"LPR-0130-07","name":"LPR-0130-07"}},{"type":"Feature","geometry":{"type":"Point","coordinates":[-74.118885,40.724605]},"properties":{"id":"LPR-0130-08","name":"LPR-0130-08"}},{"type":"Feature","geometry":{"type":"Point","coordinates":[-74.121096,40.725123]},"properties":{"id":"LPR-0130-09","name":"LPR-0130-09"}},{"type":"Feature","geometry":{"type":"Point","coordinates":[-74.12088,40.725536]},"properties":{"id":"LPR-0133-02","name":"LPR-0133-02"}},{"type":"Feature","geometry":{"type":"Point","coordinates":[-74.121104,40.725743]},"properties":{"id":"LPR-0134-01","name":"LPR-0134-01"}},{"type":"Feature","geometry":{"type":"Point","coordinates":[-74.120638,40.725669]},"properties":{"id":"LPR-0134-02","name":"LPR-0134-02"}},{"type":"Feature","geometry":{"type":"Point","coordinates":[-74.120093,40.725625]},"properties":{"id":"LPR-0134-03","name":"LPR-0134-03"}},{"type":"Feature","geometry":{"type":"Point","coordinates":[-74.119287,40.725732]},"properties":{"id":"LPR-0136-01","name":"LPR-0136-01"}},{"type":"Feature","geometry":{"type":"Point","coordinates":[-74.118427,40.725791]},"properties":{"id":"LPR-0138-MB-E","name":"LPR-0138-MB-E"}},{"type":"Feature","geometry":{"type":"Point","coordinates":[-74.12071,40.726542]},"properties":{"id":"LPR-0140-01","name":"LPR-0140-01"}},{"type":"Feature","geometry":{"type":"Point","coordinates":[-74.120383,40.726476]},"properties":{"id":"LPR-0140-02","name":"LPR-0140-02"}},{"type":"Feature","geometry":{"type":"Point","coordinates":[-74.120043,40.726398]},"properties":{"id":"LPR-0140-03","name":"LPR-0140-03"}},{"type":"Feature","geometry":{"type":"Point","coordinates":[-74.119715,40.726307]},"properties":{"id":"LPR-0140-04","name":"LPR-0140-04"}},{"type":"Feature","geometry":{"type":"Point","coordinates":[-74.119375,40.726235]},"properties":{"id":"LPR-0140-05","name":"LPR-0140-05"}},{"type":"Feature","geometry":{"type":"Point","coordinates":[-74.119043,40.726144]},"properties":{"id":"LPR-0140-06","name":"LPR-0140-06"}},{"type":"Feature","geometry":{"type":"Point","coordinates":[-74.118705,40.726076]},"properties":{"id":"LPR-0140-07","name":"LPR-0140-07"}},{"type":"Feature","geometry":{"type":"Point","coordinates":[-74.118369,40.725992]},"properties":{"id":"LPR-0140-08","name":"LPR-0140-08"}},{"type":"Feature","geometry":{"type":"Point","coordinates":[-74.120541,40.726509]},"properties":{"id":"LPR-0140-09","name":"LPR-0140-09"}},{"type":"Feature","geometry":{"type":"Point","coordinates":[-74.120329,40.727259]},"properties":{"id":"LPR-0144-01","name":"LPR-0144-01"}},{"type":"Feature","geometry":{"type":"Point","coordinates":[-74.120261,40.727189]},"properties":{"id":"LPR-0144-02","name":"LPR-0144-02"}},{"type":"Feature","geometry":{"type":"Point","coordinates":[-74.119589,40.727043]},"properties":{"id":"LPR-0144-03","name":"LPR-0144-03"}},{"type":"Feature","geometry":{"type":"Point","coordinates":[-74.119654,40.727457]},"properties":{"id":"LPR-0147-01","name":"LPR-0147-01"}},{"type":"Feature","geometry":{"type":"Point","coordinates":[-74.120261,40.727591]},"properties":{"id":"LPR-0147-MB-W","name":"LPR-0147-MB-W"}},{"type":"Feature","geometry":{"type":"Point","coordinates":[-74.11889,40.727506]},"properties":{"id":"LPR-0149-01","name":"LPR-0149-01"}},{"type":"Feature","geometry":{"type":"Point","coordinates":[-74.12015,40.72787]},"properties":{"id":"LPR-0149-MB-W","name":"LPR-0149-MB-W"}},{"type":"Feature","geometry":{"type":"Point","coordinates":[-74.120422,40.728008]},"properties":{"id":"LPR-0150-01","name":"LPR-0150-01"}},{"type":"Feature","geometry":{"type":"Point","coordinates":[-74.120051,40.72791]},"properties":{"id":"LPR-0150-02","name":"LPR-0150-02"}},{"type":"Feature","geometry":{"type":"Point","coordinates":[-74.119684,40.727825]},"properties":{"id":"LPR-0150-03","name":"LPR-0150-03"}},{"type":"Feature","geometry":{"type":"Point","coordinates":[-74.119315,40.727737]},"properties":{"id":"LPR-0150-04","name":"LPR-0150-04"}},{"type":"Feature","geometry":{"type":"Point","coordinates":[-74.118949,40.72765]},"properties":{"id":"LPR-0150-05","name":"LPR-0150-05"}},{"type":"Feature","geometry":{"type":"Point","coordinates":[-74.11858,40.727559]},"properties":{"id":"LPR-0150-06","name":"LPR-0150-06"}},{"type":"Feature","geometry":{"type":"Point","coordinates":[-74.118217,40.72747]},"properties":{"id":"LPR-0150-07","name":"LPR-0150-07"}},{"type":"Feature","geometry":{"type":"Point","coordinates":[-74.117972,40.727411]},"properties":{"id":"LPR-0150-09","name":"LPR-0150-09"}},{"type":"Feature","geometry":{"type":"Point","coordinates":[-74.120255,40.728756]},"properties":{"id":"LPR-0155-01","name":"LPR-0155-01"}},{"type":"Feature","geometry":{"type":"Point","coordinates":[-74.120071,40.728734]},"properties":{"id":"LPR-0155-02","name":"LPR-0155-02"}},{"type":"Feature","geometry":{"type":"Point","coordinates":[-74.117754,40.728208]},"properties":{"id":"LPR-0155-03","name":"LPR-0155-03"}},{"type":"Feature","geometry":{"type":"Point","coordinates":[-74.11928,40.728764]},"properties":{"id":"LPR-0156-01","name":"LPR-0156-01"}},{"type":"Feature","geometry":{"type":"Point","coordinates":[-74.120008,40.729407]},"properties":{"id":"LPR-0160-01","name":"LPR-0160-01"}},{"type":"Feature","geometry":{"type":"Point","coordinates":[-74.119646,40.729328]},"properties":{"id":"LPR-0160-02","name":"LPR-0160-02"}},{"type":"Feature","geometry":{"type":"Point","coordinates":[-74.119315,40.729249]},"properties":{"id":"LPR-0160-03","name":"LPR-0160-03"}},{"type":"Feature","geometry":{"type":"Point","coordinates":[-74.118961,40.72917]},"properties":{"id":"LPR-0160-04","name":"LPR-0160-04"}},{"type":"Feature","geometry":{"type":"Point","coordinates":[-74.118611,40.729086]},"properties":{"id":"LPR-0160-05","name":"LPR-0160-05"}},{"type":"Feature","geometry":{"type":"Point","coordinates":[-74.118263,40.729015]},"properties":{"id":"LPR-0160-06","name":"LPR-0160-06"}},{"type":"Feature","geometry":{"type":"Point","coordinates":[-74.117912,40.728926]},"properties":{"id":"LPR-0160-07","name":"LPR-0160-07"}},{"type":"Feature","geometry":{"type":"Point","coordinates":[-74.117572,40.728858]},"properties":{"id":"LPR-0160-08","name":"LPR-0160-08"}},{"type":"Feature","geometry":{"type":"Point","coordinates":[-74.119461,40.729286]},"properties":{"id":"LPR-0160-09","name":"LPR-0160-09"}},{"type":"Feature","geometry":{"type":"Point","coordinates":[-74.118277,40.729771]},"properties":{"id":"LPR-0164-01","name":"LPR-0164-01"}},{"type":"Feature","geometry":{"type":"Point","coordinates":[-74.118638,40.729819]},"properties":{"id":"LPR-0164-02","name":"LPR-0164-02"}},{"type":"Feature","geometry":{"type":"Point","coordinates":[-74.11898,40.729954]},"properties":{"id":"LPR-0165-01","name":"LPR-0165-01"}},{"type":"Feature","geometry":{"type":"Point","coordinates":[-74.119233,40.730653]},"properties":{"id":"LPR-0170-01","name":"LPR-0170-01"}},{"type":"Feature","geometry":{"type":"Point","coordinates":[-74.118958,40.730613]},"properties":{"id":"LPR-0170-02","name":"LPR-0170-02"}},{"type":"Feature","geometry":{"type":"Point","coordinates":[-74.118653,40.730577]},"properties":{"id":"LPR-0170-03","name":"LPR-0170-03"}},{"type":"Feature","geometry":{"type":"Point","coordinates":[-74.118375,40.730527]},"properties":{"id":"LPR-0170-04","name":"LPR-0170-04"}},{"type":"Feature","geometry":{"type":"Point","coordinates":[-74.118091,40.730484]},"properties":{"id":"LPR-0170-05","name":"LPR-0170-05"}},{"type":"Feature","geometry":{"type":"Point","coordinates":[-74.1178,40.730452]},"properties":{"id":"LPR-0170-06","name":"LPR-0170-06"}},{"type":"Feature","geometry":{"type":"Point","coordinates":[-74.117512,40.730416]},"properties":{"id":"LPR-0170-07","name":"LPR-0170-07"}},{"type":"Feature","geometry":{"type":"Point","coordinates":[-74.117231,40.730374]},"properties":{"id":"LPR-0170-08","name":"LPR-0170-08"}},{"type":"Feature","geometry":{"type":"Point","coordinates":[-74.119069,40.73107]},"properties":{"id":"LPR-0172-01","name":"LPR-0172-01"}},{"type":"Feature","geometry":{"type":"Point","coordinates":[-74.118736,40.731289]},"properties":{"id":"LPR-0174-01","name":"LPR-0174-01"}},{"type":"Feature","geometry":{"type":"Point","coordinates":[-74.117282,40.731507]},"properties":{"id":"LPR-0177-01","name":"LPR-0177-01"}},{"type":"Feature","geometry":{"type":"Point","coordinates":[-74.117937,40.731792]},"properties":{"id":"LPR-0178-02","name":"LPR-0178-02"}},{"type":"Feature","geometry":{"type":"Point","coordinates":[-74.117631,40.731644]},"properties":{"id":"LPR-0178-03","name":"LPR-0178-03"}},{"type":"Feature","geometry":{"type":"Point","coordinates":[-74.118148,40.731863]},"properties":{"id":"LPR-0179-01","name":"LPR-0179-01"}},{"type":"Feature","geometry":{"type":"Point","coordinates":[-74.118588,40.732056]},"properties":{"id":"LPR-0180-10","name":"LPR-0180-10"}},{"type":"Feature","geometry":{"type":"Point","coordinates":[-74.118569,40.733517]},"properties":{"id":"LPR-0190-01","name":"LPR-0190-01"}},{"type":"Feature","geometry":{"type":"Point","coordinates":[-74.118347,40.733471]},"properties":{"id":"LPR-0190-02","name":"LPR-0190-02"}},{"type":"Feature","geometry":{"type":"Point","coordinates":[-74.118077,40.733439]},"properties":{"id":"LPR-0190-03","name":"LPR-0190-03"}},{"type":"Feature","geometry":{"type":"Point","coordinates":[-74.117809,40.733396]},"properties":{"id":"LPR-0190-04","name":"LPR-0190-04"}},{"type":"Feature","geometry":{"type":"Point","coordinates":[-74.117548,40.733366]},"properties":{"id":"LPR-0190-05","name":"LPR-0190-05"}},{"type":"Feature","geometry":{"type":"Point","coordinates":[-74.117288,40.733333]},"properties":{"id":"LPR-0190-06","name":"LPR-0190-06"}},{"type":"Feature","geometry":{"type":"Point","coordinates":[-74.117027,40.733303]},"properties":{"id":"LPR-0190-07","name":"LPR-0190-07"}},{"type":"Feature","geometry":{"type":"Point","coordinates":[-74.116765,40.733274]},"properties":{"id":"LPR-0190-08","name":"LPR-0190-08"}},{"type":"Feature","geometry":{"type":"Point","coordinates":[-74.118564,40.733745]},"properties":{"id":"LPR-0191-01","name":"LPR-0191-01"}},{"type":"Feature","geometry":{"type":"Point","coordinates":[-74.117554,40.734177]},"properties":{"id":"LPR-0195-01","name":"LPR-0195-01"}},{"type":"Feature","geometry":{"type":"Point","coordinates":[-74.117205,40.734098]},"properties":{"id":"LPR-0195-02","name":"LPR-0195-02"}},{"type":"Feature","geometry":{"type":"Point","coordinates":[-74.118462,40.73456]},"properties":{"id":"LPR-0197-01","name":"LPR-0197-01"}},{"type":"Feature","geometry":{"type":"Point","coordinates":[-74.118421,40.734935]},"properties":{"id":"LPR-0200-01","name":"LPR-0200-01"}},{"type":"Feature","geometry":{"type":"Point","coordinates":[-74.118141,40.734902]},"properties":{"id":"LPR-0200-02","name":"LPR-0200-02"}},{"type":"Feature","geometry":{"type":"Point","coordinates":[-74.11785,40.734874]},"properties":{"id":"LPR-0200-03","name":"LPR-0200-03"}},{"type":"Feature","geometry":{"type":"Point","coordinates":[-74.117558,40.734839]},"properties":{"id":"LPR-0200-04","name":"LPR-0200-04"}},{"type":"Feature","geometry":{"type":"Point","coordinates":[-74.117265,40.734801]},"properties":{"id":"LPR-0200-05","name":"LPR-0200-05"}},{"type":"Feature","geometry":{"type":"Point","coordinates":[-74.116971,40.734756]},"properties":{"id":"LPR-0200-06","name":"LPR-0200-06"}},{"type":"Feature","geometry":{"type":"Point","coordinates":[-74.116697,40.734737]},"properties":{"id":"LPR-0200-07","name":"LPR-0200-07"}},{"type":"Feature","geometry":{"type":"Point","coordinates":[-74.1164,40.734689]},"properties":{"id":"LPR-0200-08","name":"LPR-0200-08"}},{"type":"Feature","geometry":{"type":"Point","coordinates":[-74.116535,40.73471]},"properties":{"id":"LPR-0200-09","name":"LPR-0200-09"}},{"type":"Feature","geometry":{"type":"Point","coordinates":[-74.117631,40.735269]},"properties":{"id":"LPR-0202-01","name":"LPR-0202-01"}},{"type":"Feature","geometry":{"type":"Point","coordinates":[-74.116904,40.73554]},"properties":{"id":"LPR-0205-01","name":"LPR-0205-01"}},{"type":"Feature","geometry":{"type":"Point","coordinates":[-74.116243,40.73587]},"properties":{"id":"LPR-0208-01","name":"LPR-0208-01"}},{"type":"Feature","geometry":{"type":"Point","coordinates":[-74.117953,40.736266]},"properties":{"id":"LPR-0210-02","name":"LPR-0210-02"}},{"type":"Feature","geometry":{"type":"Point","coordinates":[-74.117653,40.736266]},"properties":{"id":"LPR-0210-03","name":"LPR-0210-03"}},{"type":"Feature","geometry":{"type":"Point","coordinates":[-74.117351,40.736247]},"properties":{"id":"LPR-0210-04","name":"LPR-0210-04"}},{"type":"Feature","geometry":{"type":"Point","coordinates":[-74.117051,40.736244]},"properties":{"id":"LPR-0210-05","name":"LPR-0210-05"}},{"type":"Feature","geometry":{"type":"Point","coordinates":[-74.116753,40.736234]},"properties":{"id":"LPR-0210-06","name":"LPR-0210-06"}},{"type":"Feature","geometry":{"type":"Point","coordinates":[-74.116447,40.736219]},"properties":{"id":"LPR-0210-07","name":"LPR-0210-07"}},{"type":"Feature","geometry":{"type":"Point","coordinates":[-74.116134,40.73621]},"properties":{"id":"LPR-0210-08","name":"LPR-0210-08"}},{"type":"Feature","geometry":{"type":"Point","coordinates":[-74.116149,40.73662]},"properties":{"id":"LPR-0212-01","name":"LPR-0212-01"}},{"type":"Feature","geometry":{"type":"Point","coordinates":[-74.118114,40.736948]},"properties":{"id":"LPR-0215-01","name":"LPR-0215-01"}},{"type":"Feature","geometry":{"type":"Point","coordinates":[-74.117776,40.737028]},"properties":{"id":"LPR-0215-02","name":"LPR-0215-02"}},{"type":"Feature","geometry":{"type":"Point","coordinates":[-74.116815,40.737054]},"properties":{"id":"LPR-0215-03","name":"LPR-0215-03"}},{"type":"Feature","geometry":{"type":"Point","coordinates":[-74.118213,40.737604]},"properties":{"id":"LPR-0220-01","name":"LPR-0220-01"}},{"type":"Feature","geometry":{"type":"Point","coordinates":[-74.117882,40.737629]},"properties":{"id":"LPR-0220-02","name":"LPR-0220-02"}},{"type":"Feature","geometry":{"type":"Point","coordinates":[-74.117564,40.737658]},"properties":{"id":"LPR-0220-03","name":"LPR-0220-03"}},{"type":"Feature","geometry":{"type":"Point","coordinates":[-74.117221,40.737677]},"properties":{"id":"LPR-0220-04","name":"LPR-0220-04"}},{"type":"Feature","geometry":{"type":"Point","coordinates":[-74.1169,40.737688]},"properties":{"id":"LPR-0220-05","name":"LPR-0220-05"}},{"type":"Feature","geometry":{"type":"Point","coordinates":[-74.116566,40.737714]},"properties":{"id":"LPR-0220-06","name":"LPR-0220-06"}},{"type":"Feature","geometry":{"type":"Point","coordinates":[-74.116237,40.737732]},"properties":{"id":"LPR-0220-07","name":"LPR-0220-07"}},{"type":"Feature","geometry":{"type":"Point","coordinates":[-74.116085,40.737751]},"properties":{"id":"LPR-0220-09","name":"LPR-0220-09"}},{"type":"Feature","geometry":{"type":"Point","coordinates":[-74.116296,40.738257]},"properties":{"id":"LPR-0222-MB-E","name":"LPR-0222-MB-E"}},{"type":"Feature","geometry":{"type":"Point","coordinates":[-74.116477,40.738324]},"properties":{"id":"LPR-0223-01","name":"LPR-0223-01"}},{"type":"Feature","geometry":{"type":"Point","coordinates":[-74.116816,40.738761]},"properties":{"id":"LPR-0226-01","name":"LPR-0226-01"}},{"type":"Feature","geometry":{"type":"Point","coordinates":[-74.118232,40.738515]},"properties":{"id":"LPR-0227-01","name":"LPR-0227-01"}},{"type":"Feature","geometry":{"type":"Point","coordinates":[-74.117972,40.738625]},"properties":{"id":"LPR-0227-02","name":"LPR-0227-02"}},{"type":"Feature","geometry":{"type":"Point","coordinates":[-74.116529,40.73891]},"properties":{"id":"LPR-0227-MB-E","name":"LPR-0227-MB-E"}},{"type":"Feature","geometry":{"type":"Point","coordinates":[-74.117644,40.738798]},"properties":{"id":"LPR-0228-02","name":"LPR-0228-02"}},{"type":"Feature","geometry":{"type":"Point","coordinates":[-74.11733,40.738986]},"properties":{"id":"LPR-0228-03","name":"LPR-0228-03"}},{"type":"Feature","geometry":{"type":"Point","coordinates":[-74.117114,40.739123]},"properties":{"id":"LPR-0229-01","name":"LPR-0229-01"}},{"type":"Feature","geometry":{"type":"Point","coordinates":[-74.116804,40.739271]},"properties":{"id":"LPR-0229-02","name":"LPR-0229-02"}},{"type":"Feature","geometry":{"type":"Point","coordinates":[-74.118718,40.739197]},"properties":{"id":"LPR-0233-01","name":"LPR-0233-01"}},{"type":"Feature","geometry":{"type":"Point","coordinates":[-74.117912,40.739567]},"properties":{"id":"LPR-0233-02","name":"LPR-0233-02"}},{"type":"Feature","geometry":{"type":"Point","coordinates":[-74.118488,40.740223]},"properties":{"id":"LPR-0239-01","name":"LPR-0239-01"}},{"type":"Feature","geometry":{"type":"Point","coordinates":[-74.118129,40.740472]},"properties":{"id":"LPR-0239-02","name":"LPR-0239-02"}},{"type":"Feature","geometry":{"type":"Point","coordinates":[-74.117844,40.740599]},"properties":{"id":"LPR-0239-03","name":"LPR-0239-03"}},{"type":"Feature","geometry":{"type":"Point","coordinates":[-74.117489,40.740744]},"properties":{"id":"LPR-0239-04","name":"LPR-0239-04"}},{"type":"Feature","geometry":{"type":"Point","coordinates":[-74.119039,40.740019]},"properties":{"id":"LPR-0239-MB-W","name":"LPR-0239-MB-W"}},{"type":"Feature","geometry":{"type":"Point","coordinates":[-74.119281,40.740003]},"properties":{"id":"LPR-0240-10","name":"LPR-0240-10"}},{"type":"Feature","geometry":{"type":"Point","coordinates":[-74.118585,40.741208]},"properties":{"id":"LPR-0243-01","name":"LPR-0243-01"}},{"type":"Feature","geometry":{"type":"Point","coordinates":[-74.119011,40.741063]},"properties":{"id":"LPR-0245-01","name":"LPR-0245-01"}},{"type":"Feature","geometry":{"type":"Point","coordinates":[-74.119765,40.740382]},"properties":{"id":"LPR-0246-MB-W","name":"LPR-0246-MB-W"}},{"type":"Feature","geometry":{"type":"Point","coordinates":[-74.119139,40.741626]},"properties":{"id":"LPR-0247-MB-E","name":"LPR-0247-MB-E"}},{"type":"Feature","geometry":{"type":"Point","coordinates":[-74.120204,40.740397]},"properties":{"id":"LPR-0248-01","name":"LPR-0248-01"}},{"type":"Feature","geometry":{"type":"Point","coordinates":[-74.119383,40.741931]},"properties":{"id":"LPR-0249-02","name":"LPR-0249-02"}},{"type":"Feature","geometry":{"type":"Point","coordinates":[-74.119611,40.741784]},"properties":{"id":"LPR-0250-09","name":"LPR-0250-09"}},{"type":"Feature","geometry":{"type":"Point","coordinates":[-74.119968,40.741488]},"properties":{"id":"LPR-0251-01","name":"LPR-0251-01"}},{"type":"Feature","geometry":{"type":"Point","coordinates":[-74.120772,40.740896]},"properties":{"id":"LPR-0252-01","name":"LPR-0252-01"}},{"type":"Feature","geometry":{"type":"Point","coordinates":[-74.12046,40.741178]},"properties":{"id":"LPR-0252-02","name":"LPR-0252-02"}},{"type":"Feature","geometry":{"type":"Point","coordinates":[-74.121288,40.742403]},"properties":{"id":"LPR-0259-01","name":"LPR-0259-01"}},{"type":"Feature","geometry":{"type":"Point","coordinates":[-74.12273,40.741288]},"properties":{"id":"LPR-0263-02","name":"LPR-0263-02"}},{"type":"Feature","geometry":{"type":"Point","coordinates":[-74.122658,40.741651]},"properties":{"id":"LPR-0264-01","name":"LPR-0264-01"}},{"type":"Feature","geometry":{"type":"Point","coordinates":[-74.12263,40.742003]},"properties":{"id":"LPR-0265-04","name":"LPR-0265-04"}},{"type":"Feature","geometry":{"type":"Point","coordinates":[-74.122559,40.742435]},"properties":{"id":"LPR-0265-05","name":"LPR-0265-05"}},{"type":"Feature","geometry":{"type":"Point","coordinates":[-74.122481,40.742625]},"properties":{"id":"LPR-0265-06","name":"LPR-0265-06"}},{"type":"Feature","geometry":{"type":"Point","coordinates":[-74.122599,40.742167]},"properties":{"id":"LPR-0265-07","name":"LPR-0265-07"}},{"type":"Feature","geometry":{"type":"Point","coordinates":[-74.125315,40.74128]},"properties":{"id":"LPR-0280-01","name":"LPR-0280-01"}},{"type":"Feature","geometry":{"type":"Point","coordinates":[-74.12531,40.741531]},"properties":{"id":"LPR-0280-02","name":"LPR-0280-02"}},{"type":"Feature","geometry":{"type":"Point","coordinates":[-74.125315,40.741798]},"properties":{"id":"LPR-0280-03","name":"LPR-0280-03"}},{"type":"Feature","geometry":{"type":"Point","coordinates":[-74.125319,40.742059]},"properties":{"id":"LPR-0280-04","name":"LPR-0280-04"}},{"type":"Feature","geometry":{"type":"Point","coordinates":[-74.125297,40.742324]},"properties":{"id":"LPR-0280-05","name":"LPR-0280-05"}},{"type":"Feature","geometry":{"type":"Point","coordinates":[-74.125301,40.742575]},"properties":{"id":"LPR-0280-06","name":"LPR-0280-06"}},{"type":"Feature","geometry":{"type":"Point","coordinates":[-74.125291,40.742832]},"properties":{"id":"LPR-0280-07","name":"LPR-0280-07"}},{"type":"Feature","geometry":{"type":"Point","coordinates":[-74.125305,40.743087]},"properties":{"id":"LPR-0280-08","name":"LPR-0280-08"}},{"type":"Feature","geometry":{"type":"Point","coordinates":[-74.125294,40.742937]},"properties":{"id":"LPR-0280-09","name":"LPR-0280-09"}},{"type":"Feature","geometry":{"type":"Point","coordinates":[-74.126768,40.741748]},"properties":{"id":"LPR-0287-01","name":"LPR-0287-01"}},{"type":"Feature","geometry":{"type":"Point","coordinates":[-74.126865,40.74143]},"properties":{"id":"LPR-0288-01","name":"LPR-0288-01"}},{"type":"Feature","geometry":{"type":"Point","coordinates":[-74.126842,40.743095]},"properties":{"id":"LPR-0288-MB-E","name":"LPR-0288-MB-E"}},{"type":"Feature","geometry":{"type":"Point","coordinates":[-74.127123,40.741381]},"properties":{"id":"LPR-0290-01","name":"LPR-0290-01"}},{"type":"Feature","geometry":{"type":"Point","coordinates":[-74.12714,40.741602]},"properties":{"id":"LPR-0290-02","name":"LPR-0290-02"}},{"type":"Feature","geometry":{"type":"Point","coordinates":[-74.12716,40.741853]},"properties":{"id":"LPR-0290-03","name":"LPR-0290-03"}},{"type":"Feature","geometry":{"type":"Point","coordinates":[-74.127185,40.742092]},"properties":{"id":"LPR-0290-04","name":"LPR-0290-04"}},{"type":"Feature","geometry":{"type":"Point","coordinates":[-74.127196,40.74234]},"properties":{"id":"LPR-0290-05","name":"LPR-0290-05"}},{"type":"Feature","geometry":{"type":"Point","coordinates":[-74.127218,40.742584]},"properties":{"id":"LPR-0290-06","name":"LPR-0290-06"}},{"type":"Feature","geometry":{"type":"Point","coordinates":[-74.12723,40.742821]},"properties":{"id":"LPR-0290-07","name":"LPR-0290-07"}},{"type":"Feature","geometry":{"type":"Point","coordinates":[-74.127244,40.743048]},"properties":{"id":"LPR-0290-08","name":"LPR-0290-08"}},{"type":"Feature","geometry":{"type":"Point","coordinates":[-74.127547,40.741813]},"properties":{"id":"LPR-0292-01","name":"LPR-0292-01"}},{"type":"Feature","geometry":{"type":"Point","coordinates":[-74.128024,40.742827]},"properties":{"id":"LPR-0293-01","name":"LPR-0293-01"}},{"type":"Feature","geometry":{"type":"Point","coordinates":[-74.128495,40.74131]},"properties":{"id":"LPR-0297-01","name":"LPR-0297-01"}},{"type":"Feature","geometry":{"type":"Point","coordinates":[-74.128952,40.741186]},"properties":{"id":"LPR-0300-01","name":"LPR-0300-01"}},{"type":"Feature","geometry":{"type":"Point","coordinates":[-74.128992,40.74144]},"properties":{"id":"LPR-0300-02","name":"LPR-0300-02"}},{"type":"Feature","geometry":{"type":"Point","coordinates":[-74.129024,40.741673]},"properties":{"id":"LPR-0300-03","name":"LPR-0300-03"}},{"type":"Feature","geometry":{"type":"Point","coordinates":[-74.129046,40.741912]},"properties":{"id":"LPR-0300-04","name":"LPR-0300-04"}},{"type":"Feature","geometry":{"type":"Point","coordinates":[-74.129087,40.742154]},"properties":{"id":"LPR-0300-05","name":"LPR-0300-05"}},{"type":"Feature","geometry":{"type":"Point","coordinates":[-74.129108,40.742406]},"properties":{"id":"LPR-0300-06","name":"LPR-0300-06"}},{"type":"Feature","geometry":{"type":"Point","coordinates":[-74.129158,40.742647]},"properties":{"id":"LPR-0300-07","name":"LPR-0300-07"}},{"type":"Feature","geometry":{"type":"Point","coordinates":[-74.129178,40.742896]},"properties":{"id":"LPR-0300-08","name":"LPR-0300-08"}},{"type":"Feature","geometry":{"type":"Point","coordinates":[-74.129921,40.74119]},"properties":{"id":"LPR-0305-01","name":"LPR-0305-01"}},{"type":"Feature","geometry":{"type":"Point","coordinates":[-74.130213,40.742103]},"properties":{"id":"LPR-0305-02","name":"LPR-0305-02"}},{"type":"Feature","geometry":{"type":"Point","coordinates":[-74.130859,40.741204]},"properties":{"id":"LPR-0310-01","name":"LPR-0310-01"}},{"type":"Feature","geometry":{"type":"Point","coordinates":[-74.13089,40.741416]},"properties":{"id":"LPR-0310-02","name":"LPR-0310-02"}},{"type":"Feature","geometry":{"type":"Point","coordinates":[-74.130932,40.74163]},"properties":{"id":"LPR-0310-03","name":"LPR-0310-03"}},{"type":"Feature","geometry":{"type":"Point","coordinates":[-74.130956,40.741863]},"properties":{"id":"LPR-0310-04","name":"LPR-0310-04"}},{"type":"Feature","geometry":{"type":"Point","coordinates":[-74.130993,40.742072]},"properties":{"id":"LPR-0310-05","name":"LPR-0310-05"}},{"type":"Feature","geometry":{"type":"Point","coordinates":[-74.131018,40.742298]},"properties":{"id":"LPR-0310-06","name":"LPR-0310-06"}},{"type":"Feature","geometry":{"type":"Point","coordinates":[-74.131042,40.742508]},"properties":{"id":"LPR-0310-07","name":"LPR-0310-07"}},{"type":"Feature","geometry":{"type":"Point","coordinates":[-74.131068,40.742727]},"properties":{"id":"LPR-0310-08","name":"LPR-0310-08"}},{"type":"Feature","geometry":{"type":"Point","coordinates":[-74.131065,40.742596]},"properties":{"id":"LPR-0310-09","name":"LPR-0310-09"}},{"type":"Feature","geometry":{"type":"Point","coordinates":[-74.131062,40.742612]},"properties":{"id":"LPR-0310-10","name":"LPR-0310-10"}},{"type":"Feature","geometry":{"type":"Point","coordinates":[-74.131809,40.741883]},"properties":{"id":"LPR-0314-01","name":"LPR-0314-01"}},{"type":"Feature","geometry":{"type":"Point","coordinates":[-74.132785,40.741112]},"properties":{"id":"LPR-0320-01","name":"LPR-0320-01"}},{"type":"Feature","geometry":{"type":"Point","coordinates":[-74.132803,40.741335]},"properties":{"id":"LPR-0320-02","name":"LPR-0320-02"}},{"type":"Feature","geometry":{"type":"Point","coordinates":[-74.132828,40.741526]},"properties":{"id":"LPR-0320-03","name":"LPR-0320-03"}},{"type":"Feature","geometry":{"type":"Point","coordinates":[-74.132862,40.741744]},"properties":{"id":"LPR-0320-04","name":"LPR-0320-04"}},{"type":"Feature","geometry":{"type":"Point","coordinates":[-74.132897,40.741953]},"properties":{"id":"LPR-0320-05","name":"LPR-0320-05"}},{"type":"Feature","geometry":{"type":"Point","coordinates":[-74.132916,40.742161]},"properties":{"id":"LPR-0320-06","name":"LPR-0320-06"}},{"type":"Feature","geometry":{"type":"Point","coordinates":[-74.132948,40.742373]},"properties":{"id":"LPR-0320-07","name":"LPR-0320-07"}},{"type":"Feature","geometry":{"type":"Point","coordinates":[-74.132972,40.74258]},"properties":{"id":"LPR-0320-08","name":"LPR-0320-08"}},{"type":"Feature","geometry":{"type":"Point","coordinates":[-74.133275,40.742404]},"properties":{"id":"LPR-0321-01","name":"LPR-0321-01"}},{"type":"Feature","geometry":{"type":"Point","coordinates":[-74.133658,40.741449]},"properties":{"id":"LPR-0324-01","name":"LPR-0324-01"}},{"type":"Feature","geometry":{"type":"Point","coordinates":[-74.133939,40.741338]},"properties":{"id":"LPR-0325-01","name":"LPR-0325-01"}},{"type":"Feature","geometry":{"type":"Point","coordinates":[-74.133978,40.741261]},"properties":{"id":"LPR-0326-01","name":"LPR-0326-01"}},{"type":"Feature","geometry":{"type":"Point","coordinates":[-74.13468,40.740976]},"properties":{"id":"LPR-0330-01","name":"LPR-0330-01"}},{"type":"Feature","geometry":{"type":"Point","coordinates":[-74.134704,40.74117]},"properties":{"id":"LPR-0330-02","name":"LPR-0330-02"}},{"type":"Feature","geometry":{"type":"Point","coordinates":[-74.134735,40.741363]},"properties":{"id":"LPR-0330-03","name":"LPR-0330-03"}},{"type":"Feature","geometry":{"type":"Point","coordinates":[-74.134748,40.741563]},"properties":{"id":"LPR-0330-04","name":"LPR-0330-04"}},{"type":"Feature","geometry":{"type":"Point","coordinates":[-74.134779,40.741758]},"properties":{"id":"LPR-0330-05","name":"LPR-0330-05"}},{"type":"Feature","geometry":{"type":"Point","coordinates":[-74.134812,40.741956]},"properties":{"id":"LPR-0330-06","name":"LPR-0330-06"}},{"type":"Feature","geometry":{"type":"Point","coordinates":[-74.134838,40.742153]},"properties":{"id":"LPR-0330-07","name":"LPR-0330-07"}},{"type":"Feature","geometry":{"type":"Point","coordinates":[-74.134847,40.742354]},"properties":{"id":"LPR-0330-08","name":"LPR-0330-08"}},{"type":"Feature","geometry":{"type":"Point","coordinates":[-74.135202,40.74218]},"properties":{"id":"LPR-0331-01","name":"LPR-0331-01"}},{"type":"Feature","geometry":{"type":"Point","coordinates":[-74.13631,40.742167]},"properties":{"id":"LPR-0336-MB-E","name":"LPR-0336-MB-E"}},{"type":"Feature","geometry":{"type":"Point","coordinates":[-74.136556,40.741958]},"properties":{"id":"LPR-0338-01","name":"LPR-0338-01"}},{"type":"Feature","geometry":{"type":"Point","coordinates":[-74.136296,40.740745]},"properties":{"id":"LPR-0340-01","name":"LPR-0340-01"}},{"type":"Feature","geometry":{"type":"Point","coordinates":[-74.136398,40.740937]},"properties":{"id":"LPR-0340-02","name":"LPR-0340-02"}},{"type":"Feature","geometry":{"type":"Point","coordinates":[-74.136477,40.741152]},"properties":{"id":"LPR-0340-03","name":"LPR-0340-03"}},{"type":"Feature","geometry":{"type":"Point","coordinates":[-74.136563,40.741345]},"properties":{"id":"LPR-0340-04","name":"LPR-0340-04"}},{"type":"Feature","geometry":{"type":"Point","coordinates":[-74.136652,40.741556]},"properties":{"id":"LPR-0340-05","name":"LPR-0340-05"}},{"type":"Feature","geometry":{"type":"Point","coordinates":[-74.13674,40.74176]},"properties":{"id":"LPR-0340-06","name":"LPR-0340-06"}},{"type":"Feature","geometry":{"type":"Point","coordinates":[-74.136832,40.741961]},"properties":{"id":"LPR-0340-07","name":"LPR-0340-07"}},{"type":"Feature","geometry":{"type":"Point","coordinates":[-74.136917,40.742152]},"properties":{"id":"LPR-0340-08","name":"LPR-0340-08"}},{"type":"Feature","geometry":{"type":"Point","coordinates":[-74.136694,40.741204]},"properties":{"id":"LPR-0340-09","name":"LPR-0340-09"}},{"type":"Feature","geometry":{"type":"Point","coordinates":[-74.137264,40.741042]},"properties":{"id":"LPR-0344-01","name":"LPR-0344-01"}},{"type":"Feature","geometry":{"type":"Point","coordinates":[-74.137568,40.741392]},"properties":{"id":"LPR-0344-02","name":"LPR-0344-02"}},{"type":"Feature","geometry":{"type":"Point","coordinates":[-74.137765,40.741948]},"properties":{"id":"LPR-0344-03","name":"LPR-0344-03"}},{"type":"Feature","geometry":{"type":"Point","coordinates":[-74.138159,40.740452]},"properties":{"id":"LPR-0350-01","name":"LPR-0350-01"}},{"type":"Feature","geometry":{"type":"Point","coordinates":[-74.138226,40.74062]},"properties":{"id":"LPR-0350-02","name":"LPR-0350-02"}},{"type":"Feature","geometry":{"type":"Point","coordinates":[-74.138324,40.74078]},"properties":{"id":"LPR-0350-03","name":"LPR-0350-03"}},{"type":"Feature","geometry":{"type":"Point","coordinates":[-74.138394,40.740952]},"properties":{"id":"LPR-0350-04","name":"LPR-0350-04"}},{"type":"Feature","geometry":{"type":"Point","coordinates":[-74.138462,40.741119]},"properties":{"id":"LPR-0350-05","name":"LPR-0350-05"}},{"type":"Feature","geometry":{"type":"Point","coordinates":[-74.138536,40.741279]},"properties":{"id":"LPR-0350-06","name":"LPR-0350-06"}},{"type":"Feature","geometry":{"type":"Point","coordinates":[-74.138621,40.741446]},"properties":{"id":"LPR-0350-07","name":"LPR-0350-07"}},{"type":"Feature","geometry":{"type":"Point","coordinates":[-74.139154,40.740672]},"properties":{"id":"LPR-0354-01","name":"LPR-0354-01"}},{"type":"Feature","geometry":{"type":"Point","coordinates":[-74.139798,40.740013]},"properties":{"id":"LPR-0360-01","name":"LPR-0360-01"}},{"type":"Feature","geometry":{"type":"Point","coordinates":[-74.139922,40.740164]},"properties":{"id":"LPR-0360-02","name":"LPR-0360-02"}},{"type":"Feature","geometry":{"type":"Point","coordinates":[-74.14005,40.740304]},"properties":{"id":"LPR-0360-03","name":"LPR-0360-03"}},{"type":"Feature","geometry":{"type":"Point","coordinates":[-74.14016,40.740435]},"properties":{"id":"LPR-0360-04","name":"LPR-0360-04"}},{"type":"Feature","geometry":{"type":"Point","coordinates":[-74.140284,40.74057]},"properties":{"id":"LPR-0360-05","name":"LPR-0360-05"}},{"type":"Feature","geometry":{"type":"Point","coordinates":[-74.140404,40.740708]},"properties":{"id":"LPR-0360-06","name":"LPR-0360-06"}},{"type":"Feature","geometry":{"type":"Point","coordinates":[-74.140522,40.740848]},"properties":{"id":"LPR-0360-07","name":"LPR-0360-07"}},{"type":"Feature","geometry":{"type":"Point","coordinates":[-74.141138,40.740056]},"properties":{"id":"LPR-0365-01","name":"LPR-0365-01"}},{"type":"Feature","geometry":{"type":"Point","coordinates":[-74.141521,40.740543]},"properties":{"id":"LPR-0365-02","name":"LPR-0365-02"}},{"type":"Feature","geometry":{"type":"Point","coordinates":[-74.141143,40.739173]},"properties":{"id":"LPR-0370-01","name":"LPR-0370-01"}},{"type":"Feature","geometry":{"type":"Point","coordinates":[-74.14131,40.7393]},"properties":{"id":"LPR-0370-02","name":"LPR-0370-02"}},{"type":"Feature","geometry":{"type":"Point","coordinates":[-74.141482,40.739409]},"properties":{"id":"LPR-0370-03","name":"LPR-0370-03"}},{"type":"Feature","geometry":{"type":"Point","coordinates":[-74.141637,40.739532]},"properties":{"id":"LPR-0370-04","name":"LPR-0370-04"}},{"type":"Feature","geometry":{"type":"Point","coordinates":[-74.1418,40.739653]},"properties":{"id":"LPR-0370-05","name":"LPR-0370-05"}},{"type":"Feature","geometry":{"type":"Point","coordinates":[-74.141961,40.73977]},"properties":{"id":"LPR-0370-06","name":"LPR-0370-06"}},{"type":"Feature","geometry":{"type":"Point","coordinates":[-74.142114,40.739885]},"properties":{"id":"LPR-0370-07","name":"LPR-0370-07"}},{"type":"Feature","geometry":{"type":"Point","coordinates":[-74.142282,40.740001]},"properties":{"id":"LPR-0370-08","name":"LPR-0370-08"}},{"type":"Feature","geometry":{"type":"Point","coordinates":[-74.142579,40.739784]},"properties":{"id":"LPR-0372-MB-E","name":"LPR-0372-MB-E"}},{"type":"Feature","geometry":{"type":"Point","coordinates":[-74.14223,40.739229]},"properties":{"id":"LPR-0373-01","name":"LPR-0373-01"}},{"type":"Feature","geometry":{"type":"Point","coordinates":[-74.142778,40.739463]},"properties":{"id":"LPR-0374-02","name":"LPR-0374-02"}},{"type":"Feature","geometry":{"type":"Point","coordinates":[-74.141764,40.73886]},"properties":{"id":"LPR-0374-03","name":"LPR-0374-03"}},{"type":"Feature","geometry":{"type":"Point","coordinates":[-74.143288,40.739222]},"properties":{"id":"LPR-0376-01","name":"LPR-0376-01"}},{"type":"Feature","geometry":{"type":"Point","coordinates":[-74.143519,40.739186]},"properties":{"id":"LPR-0377-01","name":"LPR-0377-01"}},{"type":"Feature","geometry":{"type":"Point","coordinates":[-74.14225,40.738185]},"properties":{"id":"LPR-0380-01","name":"LPR-0380-01"}},{"type":"Feature","geometry":{"type":"Point","coordinates":[-74.142464,40.738275]},"properties":{"id":"LPR-0380-02","name":"LPR-0380-02"}},{"type":"Feature","geometry":{"type":"Point","coordinates":[-74.142684,40.738354]},"properties":{"id":"LPR-0380-03","name":"LPR-0380-03"}},{"type":"Feature","geometry":{"type":"Point","coordinates":[-74.142907,40.738436]},"properties":{"id":"LPR-0380-04","name":"LPR-0380-04"}},{"type":"Feature","geometry":{"type":"Point","coordinates":[-74.143128,40.738532]},"properties":{"id":"LPR-0380-05","name":"LPR-0380-05"}},{"type":"Feature","geometry":{"type":"Point","coordinates":[-74.143361,40.738613]},"properties":{"id":"LPR-0380-06","name":"LPR-0380-06"}},{"type":"Feature","geometry":{"type":"Point","coordinates":[-74.143571,40.738702]},"properties":{"id":"LPR-0380-07","name":"LPR-0380-07"}},{"type":"Feature","geometry":{"type":"Point","coordinates":[-74.143796,40.738786]},"properties":{"id":"LPR-0380-08","name":"LPR-0380-08"}},{"type":"Feature","geometry":{"type":"Point","coordinates":[-74.144007,40.738355]},"properties":{"id":"LPR-0383-01","name":"LPR-0383-01"}},{"type":"Feature","geometry":{"type":"Point","coordinates":[-74.143705,40.737849]},"properties":{"id":"LPR-0385-02","name":"LPR-0385-02"}},{"type":"Feature","geometry":{"type":"Point","coordinates":[-74.143416,40.737006]},"properties":{"id":"LPR-0390-02","name":"LPR-0390-02"}},{"type":"Feature","geometry":{"type":"Point","coordinates":[-74.143639,40.737095]},"properties":{"id":"LPR-0390-03","name":"LPR-0390-03"}},{"type":"Feature","geometry":{"type":"Point","coordinates":[-74.143878,40.737181]},"properties":{"id":"LPR-0390-04","name":"LPR-0390-04"}},{"type":"Feature","geometry":{"type":"Point","coordinates":[-74.144119,40.737285]},"properties":{"id":"LPR-0390-05","name":"LPR-0390-05"}},{"type":"Feature","geometry":{"type":"Point","coordinates":[-74.144344,40.737383]},"properties":{"id":"LPR-0390-06","name":"LPR-0390-06"}},{"type":"Feature","geometry":{"type":"Point","coordinates":[-74.144574,40.737479]},"properties":{"id":"LPR-0390-07","name":"LPR-0390-07"}},{"type":"Feature","geometry":{"type":"Point","coordinates":[-74.144817,40.737552]},"properties":{"id":"LPR-0390-08","name":"LPR-0390-08"}},{"type":"Feature","geometry":{"type":"Point","coordinates":[-74.144613,40.737213]},"properties":{"id":"LPR-0391-01","name":"LPR-0391-01"}},{"type":"Feature","geometry":{"type":"Point","coordinates":[-74.143873,40.736629]},"properties":{"id":"LPR-0393-01","name":"LPR-0393-01"}},{"type":"Feature","geometry":{"type":"Point","coordinates":[-74.144589,40.736763]},"properties":{"id":"LPR-0394-01","name":"LPR-0394-01"}},{"type":"Feature","geometry":{"type":"Point","coordinates":[-74.143766,40.736316]},"properties":{"id":"LPR-0395-01","name":"LPR-0395-01"}},{"type":"Feature","geometry":{"type":"Point","coordinates":[-74.144069,40.735861]},"properties":{"id":"LPR-0398-01","name":"LPR-0398-01"}},{"type":"Feature","geometry":{"type":"Point","coordinates":[-74.144135,40.735634]},"properties":{"id":"LPR-0400-01","name":"LPR-0400-01"}},{"type":"Feature","geometry":{"type":"Point","coordinates":[-74.144342,40.73573]},"properties":{"id":"LPR-0400-02","name":"LPR-0400-02"}},{"type":"Feature","geometry":{"type":"Point","coordinates":[-74.144556,40.735827]},"properties":{"id":"LPR-0400-03","name":"LPR-0400-03"}},{"type":"Feature","geometry":{"type":"Point","coordinates":[-74.144768,40.735924]},"properties":{"id":"LPR-0400-04","name":"LPR-0400-04"}},{"type":"Feature","geometry":{"type":"Point","coordinates":[-74.144975,40.736013]},"properties":{"id":"LPR-0400-05","name":"LPR-0400-05"}},{"type":"Feature","geometry":{"type":"Point","coordinates":[-74.145208,40.736107]},"properties":{"id":"LPR-0400-06","name":"LPR-0400-06"}},{"type":"Feature","geometry":{"type":"Point","coordinates":[-74.145422,40.736199]},"properties":{"id":"LPR-0400-07","name":"LPR-0400-07"}},{"type":"Feature","geometry":{"type":"Point","coordinates":[-74.145644,40.736294]},"properties":{"id":"LPR-0400-08","name":"LPR-0400-08"}},{"type":"Feature","geometry":{"type":"Point","coordinates":[-74.144246,40.735418]},"properties":{"id":"LPR-0401-MB-W","name":"LPR-0401-MB-W"}},{"type":"Feature","geometry":{"type":"Point","coordinates":[-74.145593,40.735957]},"properties":{"id":"LPR-0403-01","name":"LPR-0403-01"}},{"type":"Feature","geometry":{"type":"Point","coordinates":[-74.145361,40.735258]},"properties":{"id":"LPR-0405-01","name":"LPR-0405-01"}},{"type":"Feature","geometry":{"type":"Point","coordinates":[-74.145287,40.735135]},"properties":{"id":"LPR-0406-01","name":"LPR-0406-01"}},{"type":"Feature","geometry":{"type":"Point","coordinates":[-74.145342,40.734831]},"properties":{"id":"LPR-0407-01","name":"LPR-0407-01"}},{"type":"Feature","geometry":{"type":"Point","coordinates":[-74.145605,40.734527]},"properties":{"id":"LPR-0410-02","name":"LPR-0410-02"}},{"type":"Feature","geometry":{"type":"Point","coordinates":[-74.145788,40.734686]},"properties":{"id":"LPR-0410-03","name":"LPR-0410-03"}},{"type":"Feature","geometry":{"type":"Point","coordinates":[-74.145965,40.734858]},"properties":{"id":"LPR-0410-04","name":"LPR-0410-04"}},{"type":"Feature","geometry":{"type":"Point","coordinates":[-74.146127,40.735032]},"properties":{"id":"LPR-0410-05","name":"LPR-0410-05"}},{"type":"Feature","geometry":{"type":"Point","coordinates":[-74.146303,40.735193]},"properties":{"id":"LPR-0410-06","name":"LPR-0410-06"}},{"type":"Feature","geometry":{"type":"Point","coordinates":[-74.146472,40.735372]},"properties":{"id":"LPR-0410-07","name":"LPR-0410-07"}},{"type":"Feature","geometry":{"type":"Point","coordinates":[-74.146648,40.735527]},"properties":{"id":"LPR-0410-08","name":"LPR-0410-08"}},{"type":"Feature","geometry":{"type":"Point","coordinates":[-74.145521,40.734442]},"properties":{"id":"LPR-0410-09","name":"LPR-0410-09"}},{"type":"Feature","geometry":{"type":"Point","coordinates":[-74.145703,40.734294]},"properties":{"id":"LPR-0411-MB-W","name":"LPR-0411-MB-W"}},{"type":"Feature","geometry":{"type":"Point","coordinates":[-74.146326,40.734469]},"properties":{"id":"LPR-0413-01","name":"LPR-0413-01"}},{"type":"Feature","geometry":{"type":"Point","coordinates":[-74.146913,40.734487]},"properties":{"id":"LPR-0415-01","name":"LPR-0415-01"}},{"type":"Feature","geometry":{"type":"Point","coordinates":[-74.146394,40.733941]},"properties":{"id":"LPR-0415-MB-W","name":"LPR-0415-MB-W"}},{"type":"Feature","geometry":{"type":"Point","coordinates":[-74.146806,40.734032]},"properties":{"id":"LPR-0416-01","name":"LPR-0416-01"}},{"type":"Feature","geometry":{"type":"Point","coordinates":[-74.146806,40.733745]},"properties":{"id":"LPR-0417-01","name":"LPR-0417-01"}},{"type":"Feature","geometry":{"type":"Point","coordinates":[-74.147407,40.733676]},"properties":{"id":"LPR-0420-02","name":"LPR-0420-02"}},{"type":"Feature","geometry":{"type":"Point","coordinates":[-74.147484,40.733883]},"properties":{"id":"LPR-0420-03","name":"LPR-0420-03"}},{"type":"Feature","geometry":{"type":"Point","coordinates":[-74.147566,40.73409]},"properties":{"id":"LPR-0420-04","name":"LPR-0420-04"}},{"type":"Feature","geometry":{"type":"Point","coordinates":[-74.147643,40.734295]},"properties":{"id":"LPR-0420-05","name":"LPR-0420-05"}},{"type":"Feature","geometry":{"type":"Point","coordinates":[-74.147719,40.734511]},"properties":{"id":"LPR-0420-06","name":"LPR-0420-06"}},{"type":"Feature","geometry":{"type":"Point","coordinates":[-74.147781,40.734717]},"properties":{"id":"LPR-0420-07","name":"LPR-0420-07"}},{"type":"Feature","geometry":{"type":"Point","coordinates":[-74.147433,40.733764]},"properties":{"id":"LPR-0420-09","name":"LPR-0420-09"}},{"type":"Feature","geometry":{"type":"Point","coordinates":[-74.148087,40.733498]},"properties":{"id":"LPR-0423-02","name":"LPR-0423-02"}},{"type":"Feature","geometry":{"type":"Point","coordinates":[-74.148469,40.734498]},"properties":{"id":"LPR-0424-01","name":"LPR-0424-01"}},{"type":"Feature","geometry":{"type":"Point","coordinates":[-74.148828,40.733588]},"properties":{"id":"LPR-0426-01","name":"LPR-0426-01"}},{"type":"Feature","geometry":{"type":"Point","coordinates":[-74.148966,40.733248]},"properties":{"id":"LPR-0427-MB-W","name":"LPR-0427-MB-W"}},{"type":"Feature","geometry":{"type":"Point","coordinates":[-74.149351,40.733037]},"properties":{"id":"LPR-0430-01","name":"LPR-0430-01"}},{"type":"Feature","geometry":{"type":"Point","coordinates":[-74.149381,40.733249]},"properties":{"id":"LPR-0430-02","name":"LPR-0430-02"}},{"type":"Feature","geometry":{"type":"Point","coordinates":[-74.149401,40.733483]},"properties":{"id":"LPR-0430-03","name":"LPR-0430-03"}},{"type":"Feature","geometry":{"type":"Point","coordinates":[-74.149421,40.73371]},"properties":{"id":"LPR-0430-04","name":"LPR-0430-04"}},{"type":"Feature","geometry":{"type":"Point","coordinates":[-74.149451,40.733956]},"properties":{"id":"LPR-0430-05","name":"LPR-0430-05"}},{"type":"Feature","geometry":{"type":"Point","coordinates":[-74.149467,40.734176]},"properties":{"id":"LPR-0430-06","name":"LPR-0430-06"}},{"type":"Feature","geometry":{"type":"Point","coordinates":[-74.149512,40.734412]},"properties":{"id":"LPR-0430-07","name":"LPR-0430-07"}},{"type":"Feature","geometry":{"type":"Point","coordinates":[-74.149871,40.733214]},"properties":{"id":"LPR-0432-MB-W","name":"LPR-0432-MB-W"}},{"type":"Feature","geometry":{"type":"Point","coordinates":[-74.150128,40.734459]},"properties":{"id":"LPR-0433-01","name":"LPR-0433-01"}},{"type":"Feature","geometry":{"type":"Point","coordinates":[-74.15044,40.733084]},"properties":{"id":"LPR-0435-01","name":"LPR-0435-01"}},{"type":"Feature","geometry":{"type":"Point","coordinates":[-74.150435,40.733269]},"properties":{"id":"LPR-0435-02","name":"LPR-0435-02"}},{"type":"Feature","geometry":{"type":"Point","coordinates":[-74.151034,40.734554]},"properties":{"id":"LPR-0437-02","name":"LPR-0437-02"}},{"type":"Feature","geometry":{"type":"Point","coordinates":[-74.151312,40.733437]},"properties":{"id":"LPR-0440-02","name":"LPR-0440-02"}},{"type":"Feature","geometry":{"type":"Point","coordinates":[-74.15134,40.733676]},"properties":{"id":"LPR-0440-03","name":"LPR-0440-03"}},{"type":"Feature","geometry":{"type":"Point","coordinates":[-74.151358,40.733921]},"properties":{"id":"LPR-0440-04","name":"LPR-0440-04"}},{"type":"Feature","geometry":{"type":"Point","coordinates":[-74.151403,40.734167]},"properties":{"id":"LPR-0440-05","name":"LPR-0440-05"}},{"type":"Feature","geometry":{"type":"Point","coordinates":[-74.151418,40.734405]},"properties":{"id":"LPR-0440-06","name":"LPR-0440-06"}},{"type":"Feature","geometry":{"type":"Point","coordinates":[-74.151445,40.734639]},"properties":{"id":"LPR-0440-07","name":"LPR-0440-07"}},{"type":"Feature","geometry":{"type":"Point","coordinates":[-74.151291,40.733339]},"properties":{"id":"LPR-0440-09","name":"LPR-0440-09"}},{"type":"Feature","geometry":{"type":"Point","coordinates":[-74.151901,40.733306]},"properties":{"id":"LPR-0443-01","name":"LPR-0443-01"}},{"type":"Feature","geometry":{"type":"Point","coordinates":[-74.152179,40.734521]},"properties":{"id":"LPR-0443-02","name":"LPR-0443-02"}},{"type":"Feature","geometry":{"type":"Point","coordinates":[-74.152328,40.733771]},"properties":{"id":"LPR-0445-01","name":"LPR-0445-01"}},{"type":"Feature","geometry":{"type":"Point","coordinates":[-74.152467,40.734008]},"properties":{"id":"LPR-0445-02","name":"LPR-0445-02"}},{"type":"Feature","geometry":{"type":"Point","coordinates":[-74.152343,40.733277]},"properties":{"id":"LPR-0445-03","name":"LPR-0445-03"}},{"type":"Feature","geometry":{"type":"Point","coordinates":[-74.153231,40.733446]},"properties":{"id":"LPR-0450-02","name":"LPR-0450-02"}},{"type":"Feature","geometry":{"type":"Point","coordinates":[-74.15326,40.733664]},"properties":{"id":"LPR-0450-03","name":"LPR-0450-03"}},{"type":"Feature","geometry":{"type":"Point","coordinates":[-74.153272,40.733889]},"properties":{"id":"LPR-0450-04","name":"LPR-0450-04"}},{"type":"Feature","geometry":{"type":"Point","coordinates":[-74.153299,40.734114]},"properties":{"id":"LPR-0450-05","name":"LPR-0450-05"}},{"type":"Feature","geometry":{"type":"Point","coordinates":[-74.153337,40.734341]},"properties":{"id":"LPR-0450-06","name":"LPR-0450-06"}},{"type":"Feature","geometry":{"type":"Point","coordinates":[-74.15336,40.734567]},"properties":{"id":"LPR-0450-07","name":"LPR-0450-07"}},{"type":"Feature","geometry":{"type":"Point","coordinates":[-74.153376,40.734781]},"properties":{"id":"LPR-0450-08","name":"LPR-0450-08"}},{"type":"Feature","geometry":{"type":"Point","coordinates":[-74.153203,40.733327]},"properties":{"id":"LPR-0450-09","name":"LPR-0450-09"}},{"type":"Feature","geometry":{"type":"Point","coordinates":[-74.153416,40.733728]},"properties":{"id":"LPR-0450-10","name":"LPR-0450-10"}},{"type":"Feature","geometry":{"type":"Point","coordinates":[-74.15382,40.734432]},"properties":{"id":"LPR-0452-01","name":"LPR-0452-01"}},{"type":"Feature","geometry":{"type":"Point","coordinates":[-74.154355,40.733337]},"properties":{"id":"LPR-0455-01","name":"LPR-0455-01"}},{"type":"Feature","geometry":{"type":"Point","coordinates":[-74.154214,40.733547]},"properties":{"id":"LPR-0455-02","name":"LPR-0455-02"}},{"type":"Feature","geometry":{"type":"Point","coordinates":[-74.154257,40.73375]},"properties":{"id":"LPR-0455-03","name":"LPR-0455-03"}},{"type":"Feature","geometry":{"type":"Point","coordinates":[-74.154471,40.734229]},"properties":{"id":"LPR-0456-01","name":"LPR-0456-01"}},{"type":"Feature","geometry":{"type":"Point","coordinates":[-74.154618,40.733182]},"properties":{"id":"LPR-0457-01","name":"LPR-0457-01"}},{"type":"Feature","geometry":{"type":"Point","coordinates":[-74.154646,40.733866]},"properties":{"id":"LPR-0457-02","name":"LPR-0457-02"}},{"type":"Feature","geometry":{"type":"Point","coordinates":[-74.154895,40.734111]},"properties":{"id":"LPR-0458-02","name":"LPR-0458-02"}},{"type":"Feature","geometry":{"type":"Point","coordinates":[-74.154783,40.733325]},"properties":{"id":"LPR-0458-03","name":"LPR-0458-03"}},{"type":"Feature","geometry":{"type":"Point","coordinates":[-74.154813,40.733675]},"properties":{"id":"LPR-0458-04","name":"LPR-0458-04"}},{"type":"Feature","geometry":{"type":"Point","coordinates":[-74.154849,40.734011]},"properties":{"id":"LPR-0458-05","name":"LPR-0458-05"}},{"type":"Feature","geometry":{"type":"Point","coordinates":[-74.154857,40.734195]},"properties":{"id":"LPR-0458-06","name":"LPR-0458-06"}},{"type":"Feature","geometry":{"type":"Point","coordinates":[-74.154872,40.734367]},"properties":{"id":"LPR-0458-07","name":"LPR-0458-07"}},{"type":"Feature","geometry":{"type":"Point","coordinates":[-74.156971,40.733458]},"properties":{"id":"LPR-0469-02","name":"LPR-0469-02"}},{"type":"Feature","geometry":{"type":"Point","coordinates":[-74.156852,40.733577]},"properties":{"id":"LPR-0469-03","name":"LPR-0469-03"}},{"type":"Feature","geometry":{"type":"Point","coordinates":[-74.156925,40.733827]},"properties":{"id":"LPR-0469-04","name":"LPR-0469-04"}},{"type":"Feature","geometry":{"type":"Point","coordinates":[-74.156898,40.734002]},"properties":{"id":"LPR-0469-05","name":"LPR-0469-05"}},{"type":"Feature","geometry":{"type":"Point","coordinates":[-74.15686,40.734185]},"properties":{"id":"LPR-0469-06","name":"LPR-0469-06"}},{"type":"Feature","geometry":{"type":"Point","coordinates":[-74.157268,40.733561]},"properties":{"id":"LPR-0470-07","name":"LPR-0470-07"}},{"type":"Feature","geometry":{"type":"Point","coordinates":[-74.158705,40.733917]},"properties":{"id":"LPR-0478-01","name":"LPR-0478-01"}},{"type":"Feature","geometry":{"type":"Point","coordinates":[-74.158962,40.733983]},"properties":{"id":"LPR-0480-02","name":"LPR-0480-02"}},{"type":"Feature","geometry":{"type":"Point","coordinates":[-74.158862,40.733943]},"properties":{"id":"LPR-0480-02R","name":"LPR-0480-02R"}},{"type":"Feature","geometry":{"type":"Point","coordinates":[-74.158746,40.734316]},"properties":{"id":"LPR-0480-04","name":"LPR-0480-04"}},{"type":"Feature","geometry":{"type":"Point","coordinates":[-74.15865,40.734481]},"properties":{"id":"LPR-0480-05","name":"LPR-0480-05"}},{"type":"Feature","geometry":{"type":"Point","coordinates":[-74.158561,40.734658]},"properties":{"id":"LPR-0480-06","name":"LPR-0480-06"}},{"type":"Feature","geometry":{"type":"Point","coordinates":[-74.159206,40.734082]},"properties":{"id":"LPR-0481-01","name":"LPR-0481-01"}},{"type":"Feature","geometry":{"type":"Point","coordinates":[-74.15946,40.734518]},"properties":{"id":"LPR-0483-01","name":"LPR-0483-01"}},{"type":"Feature","geometry":{"type":"Point","coordinates":[-74.159867,40.734243]},"properties":{"id":"LPR-0484-01","name":"LPR-0484-01"}},{"type":"Feature","geometry":{"type":"Point","coordinates":[-74.160288,40.734372]},"properties":{"id":"LPR-0486-01","name":"LPR-0486-01"}},{"type":"Feature","geometry":{"type":"Point","coordinates":[-74.160493,40.734607]},"properties":{"id":"LPR-0488-01","name":"LPR-0488-01"}},{"type":"Feature","geometry":{"type":"Point","coordinates":[-74.160829,40.73467]},"properties":{"id":"LPR-0490-01","name":"LPR-0490-01"}},{"type":"Feature","geometry":{"type":"Point","coordinates":[-74.16064,40.734812]},"properties":{"id":"LPR-0490-02","name":"LPR-0490-02"}},{"type":"Feature","geometry":{"type":"Point","coordinates":[-74.160455,40.734953]},"properties":{"id":"LPR-0490-03","name":"LPR-0490-03"}},{"type":"Feature","geometry":{"type":"Point","coordinates":[-74.160263,40.735073]},"properties":{"id":"LPR-0490-04","name":"LPR-0490-04"}},{"type":"Feature","geometry":{"type":"Point","coordinates":[-74.160099,40.735218]},"properties":{"id":"LPR-0490-05","name":"LPR-0490-05"}},{"type":"Feature","geometry":{"type":"Point","coordinates":[-74.159909,40.735343]},"properties":{"id":"LPR-0490-06","name":"LPR-0490-06"}},{"type":"Feature","geometry":{"type":"Point","coordinates":[-74.160737,40.734963]},"properties":{"id":"LPR-0490-07","name":"LPR-0490-07"}},{"type":"Feature","geometry":{"type":"Point","coordinates":[-74.161722,40.735372]},"properties":{"id":"LPR-0496-01","name":"LPR-0496-01"}},{"type":"Feature","geometry":{"type":"Point","coordinates":[-74.161485,40.735505]},"properties":{"id":"LPR-0496-02","name":"LPR-0496-02"}},{"type":"Feature","geometry":{"type":"Point","coordinates":[-74.161261,40.735641]},"properties":{"id":"LPR-0496-03","name":"LPR-0496-03"}},{"type":"Feature","geometry":{"type":"Point","coordinates":[-74.161028,40.735784]},"properties":{"id":"LPR-0496-04","name":"LPR-0496-04"}},{"type":"Feature","geometry":{"type":"Point","coordinates":[-74.160804,40.735928]},"properties":{"id":"LPR-0496-05","name":"LPR-0496-05"}},{"type":"Feature","geometry":{"type":"Point","coordinates":[-74.160588,40.736059]},"properties":{"id":"LPR-0496-06","name":"LPR-0496-06"}},{"type":"Feature","geometry":{"type":"Point","coordinates":[-74.162642,40.736397]},"properties":{"id":"LPR-0505-02","name":"LPR-0505-02"}},{"type":"Feature","geometry":{"type":"Point","coordinates":[-74.162309,40.736617]},"properties":{"id":"LPR-0505-03","name":"LPR-0505-03"}},{"type":"Feature","geometry":{"type":"Point","coordinates":[-74.162031,40.73681]},"properties":{"id":"LPR-0505-04","name":"LPR-0505-04"}},{"type":"Feature","geometry":{"type":"Point","coordinates":[-74.163203,40.737123]},"properties":{"id":"LPR-0510-01","name":"LPR-0510-01"}},{"type":"Feature","geometry":{"type":"Point","coordinates":[-74.162907,40.737217]},"properties":{"id":"LPR-0510-02","name":"LPR-0510-02"}},{"type":"Feature","geometry":{"type":"Point","coordinates":[-74.162597,40.737303]},"properties":{"id":"LPR-0510-03","name":"LPR-0510-03"}},{"type":"Feature","geometry":{"type":"Point","coordinates":[-74.162321,40.737386]},"properties":{"id":"LPR-0510-04","name":"LPR-0510-04"}},{"type":"Feature","geometry":{"type":"Point","coordinates":[-74.16202,40.737482]},"properties":{"id":"LPR-0510-05","name":"LPR-0510-05"}},{"type":"Feature","geometry":{"type":"Point","coordinates":[-74.161738,40.737571]},"properties":{"id":"LPR-0510-06","name":"LPR-0510-06"}},{"type":"Feature","geometry":{"type":"Point","coordinates":[-74.163081,40.737156]},"properties":{"id":"LPR-0510-07","name":"LPR-0510-07"}},{"type":"Feature","geometry":{"type":"Point","coordinates":[-74.162319,40.737952]},"properties":{"id":"LPR-0513-01","name":"LPR-0513-01"}},{"type":"Feature","geometry":{"type":"Point","coordinates":[-74.163245,40.737764]},"properties":{"id":"LPR-0513-02","name":"LPR-0513-02"}},{"type":"Feature","geometry":{"type":"Point","coordinates":[-74.162261,40.738588]},"properties":{"id":"LPR-0517-MB-E","name":"LPR-0517-MB-E"}},{"type":"Feature","geometry":{"type":"Point","coordinates":[-74.163856,40.738528]},"properties":{"id":"LPR-0520-01","name":"LPR-0520-01"}},{"type":"Feature","geometry":{"type":"Point","coordinates":[-74.16357,40.738599]},"properties":{"id":"LPR-0520-02","name":"LPR-0520-02"}},{"type":"Feature","geometry":{"type":"Point","coordinates":[-74.163265,40.738664]},"properties":{"id":"LPR-0520-03","name":"LPR-0520-03"}},{"type":"Feature","geometry":{"type":"Point","coordinates":[-74.16297,40.738731]},"properties":{"id":"LPR-0520-04","name":"LPR-0520-04"}},{"type":"Feature","geometry":{"type":"Point","coordinates":[-74.162682,40.738803]},"properties":{"id":"LPR-0520-05","name":"LPR-0520-05"}},{"type":"Feature","geometry":{"type":"Point","coordinates":[-74.162389,40.73887]},"properties":{"id":"LPR-0520-06","name":"LPR-0520-06"}},{"type":"Feature","geometry":{"type":"Point","coordinates":[-74.164355,40.739214]},"properties":{"id":"LPR-0525-01","name":"LPR-0525-01"}},{"type":"Feature","geometry":{"type":"Point","coordinates":[-74.163962,40.739498]},"properties":{"id":"LPR-0526-01","name":"LPR-0526-01"}},{"type":"Feature","geometry":{"type":"Point","coordinates":[-74.164355,40.739933]},"properties":{"id":"LPR-0530-01","name":"LPR-0530-01"}},{"type":"Feature","geometry":{"type":"Point","coordinates":[-74.16409,40.73999]},"properties":{"id":"LPR-0530-02","name":"LPR-0530-02"}},{"type":"Feature","geometry":{"type":"Point","coordinates":[-74.163821,40.740042]},"properties":{"id":"LPR-0530-03","name":"LPR-0530-03"}},{"type":"Feature","geometry":{"type":"Point","coordinates":[-74.16359,40.740106]},"properties":{"id":"LPR-0530-04","name":"LPR-0530-04"}},{"type":"Feature","geometry":{"type":"Point","coordinates":[-74.16333,40.740161]},"properties":{"id":"LPR-0530-05","name":"LPR-0530-05"}},{"type":"Feature","geometry":{"type":"Point","coordinates":[-74.163086,40.740212]},"properties":{"id":"LPR-0530-06","name":"LPR-0530-06"}},{"type":"Feature","geometry":{"type":"Point","coordinates":[-74.164613,40.740707]},"properties":{"id":"LPR-0535-MB-W","name":"LPR-0535-MB-W"}},{"type":"Feature","geometry":{"type":"Point","coordinates":[-74.163459,40.741052]},"properties":{"id":"LPR-0536-01","name":"LPR-0536-01"}},{"type":"Feature","geometry":{"type":"Point","coordinates":[-74.163495,40.741317]},"properties":{"id":"LPR-0537-MB-E","name":"LPR-0537-MB-E"}},{"type":"Feature","geometry":{"type":"Point","coordinates":[-74.164924,40.741316]},"properties":{"id":"LPR-0540-01","name":"LPR-0540-01"}},{"type":"Feature","geometry":{"type":"Point","coordinates":[-74.164679,40.741373]},"properties":{"id":"LPR-0540-02","name":"LPR-0540-02"}},{"type":"Feature","geometry":{"type":"Point","coordinates":[-74.164413,40.741435]},"properties":{"id":"LPR-0540-03","name":"LPR-0540-03"}},{"type":"Feature","geometry":{"type":"Point","coordinates":[-74.164168,40.741494]},"properties":{"id":"LPR-0540-04","name":"LPR-0540-04"}},{"type":"Feature","geometry":{"type":"Point","coordinates":[-74.163918,40.741539]},"properties":{"id":"LPR-0540-05","name":"LPR-0540-05"}},{"type":"Feature","geometry":{"type":"Point","coordinates":[-74.163667,40.741599]},"properties":{"id":"LPR-0540-06","name":"LPR-0540-06"}},{"type":"Feature","geometry":{"type":"Point","coordinates":[-74.165505,40.742696]},"properties":{"id":"LPR-0550-01","name":"LPR-0550-01"}},{"type":"Feature","geometry":{"type":"Point","coordinates":[-74.165277,40.742746]},"properties":{"id":"LPR-0550-02","name":"LPR-0550-02"}},{"type":"Feature","geometry":{"type":"Point","coordinates":[-74.165034,40.742807]},"properties":{"id":"LPR-0550-03","name":"LPR-0550-03"}},{"type":"Feature","geometry":{"type":"Point","coordinates":[-74.16478,40.742862]},"properties":{"id":"LPR-0550-04","name":"LPR-0550-04"}},{"type":"Feature","geometry":{"type":"Point","coordinates":[-74.164542,40.742914]},"properties":{"id":"LPR-0550-05","name":"LPR-0550-05"}},{"type":"Feature","geometry":{"type":"Point","coordinates":[-74.164302,40.74297]},"properties":{"id":"LPR-0550-06","name":"LPR-0550-06"}},{"type":"Feature","geometry":{"type":"Point","coordinates":[-74.16432,40.743091]},"properties":{"id":"LPR-0550-MB-E","name":"LPR-0550-MB-E"}},{"type":"Feature","geometry":{"type":"Point","coordinates":[-74.165547,40.743055]},"properties":{"id":"LPR-0552-01","name":"LPR-0552-01"}},{"type":"Feature","geometry":{"type":"Point","coordinates":[-74.165065,40.743262]},"properties":{"id":"LPR-0553-01","name":"LPR-0553-01"}},{"type":"Feature","geometry":{"type":"Point","coordinates":[-74.164839,40.743886]},"properties":{"id":"LPR-0556-01","name":"LPR-0556-01"}},{"type":"Feature","geometry":{"type":"Point","coordinates":[-74.165993,40.744097]},"properties":{"id":"LPR-0560-01","name":"LPR-0560-01"}},{"type":"Feature","geometry":{"type":"Point","coordinates":[-74.165765,40.744141]},"properties":{"id":"LPR-0560-02","name":"LPR-0560-02"}},{"type":"Feature","geometry":{"type":"Point","coordinates":[-74.165521,40.744212]},"properties":{"id":"LPR-0560-03","name":"LPR-0560-03"}},{"type":"Feature","geometry":{"type":"Point","coordinates":[-74.165292,40.744255]},"properties":{"id":"LPR-0560-04","name":"LPR-0560-04"}},{"type":"Feature","geometry":{"type":"Point","coordinates":[-74.165061,40.744308]},"properties":{"id":"LPR-0560-05","name":"LPR-0560-05"}},{"type":"Feature","geometry":{"type":"Point","coordinates":[-74.164819,40.744365]},"properties":{"id":"LPR-0560-06","name":"LPR-0560-06"}},{"type":"Feature","geometry":{"type":"Point","coordinates":[-74.16601,40.744369]},"properties":{"id":"LPR-0561-01","name":"LPR-0561-01"}},{"type":"Feature","geometry":{"type":"Point","coordinates":[-74.165632,40.7446]},"properties":{"id":"LPR-0562-01","name":"LPR-0562-01"}},{"type":"Feature","geometry":{"type":"Point","coordinates":[-74.165239,40.745893]},"properties":{"id":"LPR-0571-MB-E","name":"LPR-0571-MB-E"}},{"type":"Feature","geometry":{"type":"Point","coordinates":[-74.165836,40.74598]},"properties":{"id":"LPR-0572-02","name":"LPR-0572-02"}},{"type":"Feature","geometry":{"type":"Point","coordinates":[-74.166437,40.746395]},"properties":{"id":"LPR-0575-01","name":"LPR-0575-01"}},{"type":"Feature","geometry":{"type":"Point","coordinates":[-74.166203,40.746408]},"properties":{"id":"LPR-0575-02","name":"LPR-0575-02"}},{"type":"Feature","geometry":{"type":"Point","coordinates":[-74.165953,40.746412]},"properties":{"id":"LPR-0575-03","name":"LPR-0575-03"}},{"type":"Feature","geometry":{"type":"Point","coordinates":[-74.165475,40.746432]},"properties":{"id":"LPR-0575-05","name":"LPR-0575-05"}},{"type":"Feature","geometry":{"type":"Point","coordinates":[-74.165267,40.74676]},"properties":{"id":"LPR-0577-MB-E","name":"LPR-0577-MB-E"}},{"type":"Feature","geometry":{"type":"Point","coordinates":[-74.165294,40.747509]},"properties":{"id":"LPR-0583-01","name":"LPR-0583-01"}},{"type":"Feature","geometry":{"type":"Point","coordinates":[-74.165623,40.747596]},"properties":{"id":"LPR-0583-03","name":"LPR-0583-03"}},{"type":"Feature","geometry":{"type":"Point","coordinates":[-74.165781,40.748523]},"properties":{"id":"LPR-0589-01","name":"LPR-0589-01"}},{"type":"Feature","geometry":{"type":"Point","coordinates":[-74.166289,40.748579]},"properties":{"id":"LPR-0590-01","name":"LPR-0590-01"}},{"type":"Feature","geometry":{"type":"Point","coordinates":[-74.166064,40.748565]},"properties":{"id":"LPR-0590-02","name":"LPR-0590-02"}},{"type":"Feature","geometry":{"type":"Point","coordinates":[-74.165835,40.748541]},"properties":{"id":"LPR-0590-03","name":"LPR-0590-03"}},{"type":"Feature","geometry":{"type":"Point","coordinates":[-74.165605,40.748514]},"properties":{"id":"LPR-0590-04","name":"LPR-0590-04"}},{"type":"Feature","geometry":{"type":"Point","coordinates":[-74.165387,40.748485]},"properties":{"id":"LPR-0590-05","name":"LPR-0590-05"}},{"type":"Feature","geometry":{"type":"Point","coordinates":[-74.166188,40.748572]},"properties":{"id":"LPR-0590-07","name":"LPR-0590-07"}},{"type":"Feature","geometry":{"type":"Point","coordinates":[-74.166166,40.749]},"properties":{"id":"LPR-0592-MB-W","name":"LPR-0592-MB-W"}},{"type":"Feature","geometry":{"type":"Point","coordinates":[-74.165537,40.749372]},"properties":{"id":"LPR-0595-01","name":"LPR-0595-01"}},{"type":"Feature","geometry":{"type":"Point","coordinates":[-74.165147,40.749432]},"properties":{"id":"LPR-0596-02","name":"LPR-0596-02"}},{"type":"Feature","geometry":{"type":"Point","coordinates":[-74.165987,40.750011]},"properties":{"id":"LPR-0599-01","name":"LPR-0599-01"}},{"type":"Feature","geometry":{"type":"Point","coordinates":[-74.165564,40.749958]},"properties":{"id":"LPR-0599-03","name":"LPR-0599-03"}},{"type":"Feature","geometry":{"type":"Point","coordinates":[-74.165372,40.749941]},"properties":{"id":"LPR-0599-04","name":"LPR-0599-04"}},{"type":"Feature","geometry":{"type":"Point","coordinates":[-74.164944,40.749889]},"properties":{"id":"LPR-0599-06","name":"LPR-0599-06"}},{"type":"Feature","geometry":{"type":"Point","coordinates":[-74.164929,40.749891]},"properties":{"id":"LPR-0600-MB-E","name":"LPR-0600-MB-E"}},{"type":"Feature","geometry":{"type":"Point","coordinates":[-74.165792,40.750739]},"properties":{"id":"LPR-0605-02","name":"LPR-0605-02"}},{"type":"Feature","geometry":{"type":"Point","coordinates":[-74.164765,40.750657]},"properties":{"id":"LPR-0605-MB-E","name":"LPR-0605-MB-E"}},{"type":"Feature","geometry":{"type":"Point","coordinates":[-74.16569,40.751459]},"properties":{"id":"LPR-0610-01","name":"LPR-0610-01"}},{"type":"Feature","geometry":{"type":"Point","coordinates":[-74.165478,40.751436]},"properties":{"id":"LPR-0610-02","name":"LPR-0610-02"}},{"type":"Feature","geometry":{"type":"Point","coordinates":[-74.165057,40.751381]},"properties":{"id":"LPR-0610-03","name":"LPR-0610-03"}},{"type":"Feature","geometry":{"type":"Point","coordinates":[-74.164849,40.75136]},"properties":{"id":"LPR-0610-04","name":"LPR-0610-04"}},{"type":"Feature","geometry":{"type":"Point","coordinates":[-74.164639,40.751325]},"properties":{"id":"LPR-0610-05","name":"LPR-0610-05"}},{"type":"Feature","geometry":{"type":"Point","coordinates":[-74.165118,40.75166]},"properties":{"id":"LPR-0611-01","name":"LPR-0611-01"}},{"type":"Feature","geometry":{"type":"Point","coordinates":[-74.164658,40.751767]},"properties":{"id":"LPR-0612-01","name":"LPR-0612-01"}},{"type":"Feature","geometry":{"type":"Point","coordinates":[-74.164792,40.75221]},"properties":{"id":"LPR-0615-01","name":"LPR-0615-01"}},{"type":"Feature","geometry":{"type":"Point","coordinates":[-74.165362,40.752333]},"properties":{"id":"LPR-0616-01","name":"LPR-0616-01"}},{"type":"Feature","geometry":{"type":"Point","coordinates":[-74.164692,40.752627]},"properties":{"id":"LPR-0618-01","name":"LPR-0618-01"}},{"type":"Feature","geometry":{"type":"Point","coordinates":[-74.165455,40.752724]},"properties":{"id":"LPR-0618-MB-W","name":"LPR-0618-MB-W"}},{"type":"Feature","geometry":{"type":"Point","coordinates":[-74.165397,40.752885]},"properties":{"id":"LPR-0620-01","name":"LPR-0620-01"}},{"type":"Feature","geometry":{"type":"Point","coordinates":[-74.16497,40.752839]},"properties":{"id":"LPR-0620-03","name":"LPR-0620-03"}},{"type":"Feature","geometry":{"type":"Point","coordinates":[-74.164759,40.752813]},"properties":{"id":"LPR-0620-04","name":"LPR-0620-04"}},{"type":"Feature","geometry":{"type":"Point","coordinates":[-74.164549,40.752802]},"properties":{"id":"LPR-0620-05","name":"LPR-0620-05"}},{"type":"Feature","geometry":{"type":"Point","coordinates":[-74.164341,40.75276]},"properties":{"id":"LPR-0620-06","name":"LPR-0620-06"}},{"type":"Feature","geometry":{"type":"Point","coordinates":[-74.164387,40.753103]},"properties":{"id":"LPR-0622-01","name":"LPR-0622-01"}},{"type":"Feature","geometry":{"type":"Point","coordinates":[-74.164444,40.753431]},"properties":{"id":"LPR-0624-01","name":"LPR-0624-01"}},{"type":"Feature","geometry":{"type":"Point","coordinates":[-74.165341,40.753471]},"properties":{"id":"LPR-0624-MB-W","name":"LPR-0624-MB-W"}},{"type":"Feature","geometry":{"type":"Point","coordinates":[-74.164584,40.753555]},"properties":{"id":"LPR-0625-02","name":"LPR-0625-02"}},{"type":"Feature","geometry":{"type":"Point","coordinates":[-74.164267,40.753529]},"properties":{"id":"LPR-0625-03","name":"LPR-0625-03"}},{"type":"Feature","geometry":{"type":"Point","coordinates":[-74.165084,40.753698]},"properties":{"id":"LPR-0625-04","name":"LPR-0625-04"}},{"type":"Feature","geometry":{"type":"Point","coordinates":[-74.165202,40.754038]},"properties":{"id":"LPR-0628-MB-W","name":"LPR-0628-MB-W"}},{"type":"Feature","geometry":{"type":"Point","coordinates":[-74.164181,40.754803]},"properties":{"id":"LPR-0633-02","name":"LPR-0633-02"}},{"type":"Feature","geometry":{"type":"Point","coordinates":[-74.164441,40.754978]},"properties":{"id":"LPR-0635-04","name":"LPR-0635-04"}},{"type":"Feature","geometry":{"type":"Point","coordinates":[-74.164218,40.754954]},"properties":{"id":"LPR-0635-05","name":"LPR-0635-05"}},{"type":"Feature","geometry":{"type":"Point","coordinates":[-74.163977,40.75495]},"properties":{"id":"LPR-0635-06","name":"LPR-0635-06"}},{"type":"Feature","geometry":{"type":"Point","coordinates":[-74.164443,40.755266]},"properties":{"id":"LPR-0636-01","name":"LPR-0636-01"}},{"type":"Feature","geometry":{"type":"Point","coordinates":[-74.165029,40.755758]},"properties":{"id":"LPR-0640-01","name":"LPR-0640-01"}},{"type":"Feature","geometry":{"type":"Point","coordinates":[-74.164787,40.755737]},"properties":{"id":"LPR-0640-02","name":"LPR-0640-02"}},{"type":"Feature","geometry":{"type":"Point","coordinates":[-74.164543,40.755716]},"properties":{"id":"LPR-0640-03","name":"LPR-0640-03"}},{"type":"Feature","geometry":{"type":"Point","coordinates":[-74.164307,40.755692]},"properties":{"id":"LPR-0640-04","name":"LPR-0640-04"}},{"type":"Feature","geometry":{"type":"Point","coordinates":[-74.164075,40.755689]},"properties":{"id":"LPR-0640-05","name":"LPR-0640-05"}},{"type":"Feature","geometry":{"type":"Point","coordinates":[-74.163837,40.755653]},"properties":{"id":"LPR-0640-06","name":"LPR-0640-06"}},{"type":"Feature","geometry":{"type":"Point","coordinates":[-74.165004,40.756203]},"properties":{"id":"LPR-0643-MB-W","name":"LPR-0643-MB-W"}},{"type":"Feature","geometry":{"type":"Point","coordinates":[-74.1649,40.756335]},"properties":{"id":"LPR-0644-01","name":"LPR-0644-01"}},{"type":"Feature","geometry":{"type":"Point","coordinates":[-74.164671,40.756455]},"properties":{"id":"LPR-0644-02","name":"LPR-0644-02"}},{"type":"Feature","geometry":{"type":"Point","coordinates":[-74.164234,40.756639]},"properties":{"id":"LPR-0646-01","name":"LPR-0646-01"}},{"type":"Feature","geometry":{"type":"Point","coordinates":[-74.163867,40.756765]},"properties":{"id":"LPR-0647-02","name":"LPR-0647-02"}},{"type":"Feature","geometry":{"type":"Point","coordinates":[-74.164858,40.757204]},"properties":{"id":"LPR-0650-01","name":"LPR-0650-01"}},{"type":"Feature","geometry":{"type":"Point","coordinates":[-74.164557,40.75717]},"properties":{"id":"LPR-0650-02","name":"LPR-0650-02"}},{"type":"Feature","geometry":{"type":"Point","coordinates":[-74.164264,40.757144]},"properties":{"id":"LPR-0650-03","name":"LPR-0650-03"}},{"type":"Feature","geometry":{"type":"Point","coordinates":[-74.163953,40.757127]},"properties":{"id":"LPR-0650-04","name":"LPR-0650-04"}},{"type":"Feature","geometry":{"type":"Point","coordinates":[-74.163651,40.757093]},"properties":{"id":"LPR-0650-05","name":"LPR-0650-05"}},{"type":"Feature","geometry":{"type":"Point","coordinates":[-74.163375,40.75706]},"properties":{"id":"LPR-0650-06","name":"LPR-0650-06"}},{"type":"Feature","geometry":{"type":"Point","coordinates":[-74.16482,40.757653]},"properties":{"id":"LPR-0652-MB-W","name":"LPR-0652-MB-W"}},{"type":"Feature","geometry":{"type":"Point","coordinates":[-74.164578,40.758355]},"properties":{"id":"LPR-0657-MB-W","name":"LPR-0657-MB-W"}},{"type":"Feature","geometry":{"type":"Point","coordinates":[-74.164402,40.758718]},"properties":{"id":"LPR-0660-01","name":"LPR-0660-01"}},{"type":"Feature","geometry":{"type":"Point","coordinates":[-74.164118,40.758642]},"properties":{"id":"LPR-0660-02","name":"LPR-0660-02"}},{"type":"Feature","geometry":{"type":"Point","coordinates":[-74.163848,40.758575]},"properties":{"id":"LPR-0660-03","name":"LPR-0660-03"}},{"type":"Feature","geometry":{"type":"Point","coordinates":[-74.163587,40.758489]},"properties":{"id":"LPR-0660-04","name":"LPR-0660-04"}},{"type":"Feature","geometry":{"type":"Point","coordinates":[-74.163321,40.758411]},"properties":{"id":"LPR-0660-05","name":"LPR-0660-05"}},{"type":"Feature","geometry":{"type":"Point","coordinates":[-74.163042,40.758333]},"properties":{"id":"LPR-0660-06","name":"LPR-0660-06"}},{"type":"Feature","geometry":{"type":"Point","coordinates":[-74.164288,40.758692]},"properties":{"id":"LPR-0660-07","name":"LPR-0660-07"}},{"type":"Feature","geometry":{"type":"Point","coordinates":[-74.163441,40.758467]},"properties":{"id":"LPR-0660-08","name":"LPR-0660-08"}},{"type":"Feature","geometry":{"type":"Point","coordinates":[-74.164176,40.759208]},"properties":{"id":"LPR-0663-MB-W","name":"LPR-0663-MB-W"}},{"type":"Feature","geometry":{"type":"Point","coordinates":[-74.162862,40.758921]},"properties":{"id":"LPR-0664-01","name":"LPR-0664-01"}},{"type":"Feature","geometry":{"type":"Point","coordinates":[-74.163827,40.759611]},"properties":{"id":"LPR-0666-01","name":"LPR-0666-01"}},{"type":"Feature","geometry":{"type":"Point","coordinates":[-74.16363,40.76009]},"properties":{"id":"LPR-0670-01","name":"LPR-0670-01"}},{"type":"Feature","geometry":{"type":"Point","coordinates":[-74.163402,40.760022]},"properties":{"id":"LPR-0670-02","name":"LPR-0670-02"}},{"type":"Feature","geometry":{"type":"Point","coordinates":[-74.163185,40.759938]},"properties":{"id":"LPR-0670-03","name":"LPR-0670-03"}},{"type":"Feature","geometry":{"type":"Point","coordinates":[-74.162966,40.759849]},"properties":{"id":"LPR-0670-04","name":"LPR-0670-04"}},{"type":"Feature","geometry":{"type":"Point","coordinates":[-74.162742,40.759788]},"properties":{"id":"LPR-0670-05","name":"LPR-0670-05"}},{"type":"Feature","geometry":{"type":"Point","coordinates":[-74.162523,40.759707]},"properties":{"id":"LPR-0670-06","name":"LPR-0670-06"}},{"type":"Feature","geometry":{"type":"Point","coordinates":[-74.162624,40.759735]},"properties":{"id":"LPR-0670-07","name":"LPR-0670-07"}},{"type":"Feature","geometry":{"type":"Point","coordinates":[-74.162506,40.76054]},"properties":{"id":"LPR-0675-01","name":"LPR-0675-01"}},{"type":"Feature","geometry":{"type":"Point","coordinates":[-74.16206,40.760541]},"properties":{"id":"LPR-0676-01","name":"LPR-0676-01"}},{"type":"Feature","geometry":{"type":"Point","coordinates":[-74.162916,40.761077]},"properties":{"id":"LPR-0677-MB-W","name":"LPR-0677-MB-W"}},{"type":"Feature","geometry":{"type":"Point","coordinates":[-74.162789,40.761407]},"properties":{"id":"LPR-0680-01","name":"LPR-0680-01"}},{"type":"Feature","geometry":{"type":"Point","coordinates":[-74.162551,40.76132]},"properties":{"id":"LPR-0680-02","name":"LPR-0680-02"}},{"type":"Feature","geometry":{"type":"Point","coordinates":[-74.162324,40.761232]},"properties":{"id":"LPR-0680-03","name":"LPR-0680-03"}},{"type":"Feature","geometry":{"type":"Point","coordinates":[-74.16209,40.761141]},"properties":{"id":"LPR-0680-04","name":"LPR-0680-04"}},{"type":"Feature","geometry":{"type":"Point","coordinates":[-74.161857,40.761066]},"properties":{"id":"LPR-0680-05","name":"LPR-0680-05"}},{"type":"Feature","geometry":{"type":"Point","coordinates":[-74.161631,40.760967]},"properties":{"id":"LPR-0680-06","name":"LPR-0680-06"}},{"type":"Feature","geometry":{"type":"Point","coordinates":[-74.161968,40.762265]},"properties":{"id":"LPR-0686-MB-W","name":"LPR-0686-MB-W"}},{"type":"Feature","geometry":{"type":"Point","coordinates":[-74.161643,40.762244]},"properties":{"id":"LPR-0687-01","name":"LPR-0687-01"}},{"type":"Feature","geometry":{"type":"Point","coordinates":[-74.161675,40.762699]},"properties":{"id":"LPR-0690-01","name":"LPR-0690-01"}},{"type":"Feature","geometry":{"type":"Point","coordinates":[-74.161465,40.762579]},"properties":{"id":"LPR-0690-02","name":"LPR-0690-02"}},{"type":"Feature","geometry":{"type":"Point","coordinates":[-74.161265,40.76246]},"properties":{"id":"LPR-0690-03","name":"LPR-0690-03"}},{"type":"Feature","geometry":{"type":"Point","coordinates":[-74.161053,40.762353]},"properties":{"id":"LPR-0690-04","name":"LPR-0690-04"}},{"type":"Feature","geometry":{"type":"Point","coordinates":[-74.160845,40.762229]},"properties":{"id":"LPR-0690-05","name":"LPR-0690-05"}},{"type":"Feature","geometry":{"type":"Point","coordinates":[-74.160641,40.762106]},"properties":{"id":"LPR-0690-06","name":"LPR-0690-06"}},{"type":"Feature","geometry":{"type":"Point","coordinates":[-74.160708,40.762153]},"properties":{"id":"LPR-0690-07","name":"LPR-0690-07"}},{"type":"Feature","geometry":{"type":"Point","coordinates":[-74.16118,40.763084]},"properties":{"id":"LPR-0693-MB-W","name":"LPR-0693-MB-W"}},{"type":"Feature","geometry":{"type":"Point","coordinates":[-74.160592,40.763899]},"properties":{"id":"LPR-0700-01","name":"LPR-0700-01"}},{"type":"Feature","geometry":{"type":"Point","coordinates":[-74.160387,40.763783]},"properties":{"id":"LPR-0700-02","name":"LPR-0700-02"}},{"type":"Feature","geometry":{"type":"Point","coordinates":[-74.160173,40.763649]},"properties":{"id":"LPR-0700-03","name":"LPR-0700-03"}},{"type":"Feature","geometry":{"type":"Point","coordinates":[-74.159962,40.763523]},"properties":{"id":"LPR-0700-04","name":"LPR-0700-04"}},{"type":"Feature","geometry":{"type":"Point","coordinates":[-74.159746,40.763401]},"properties":{"id":"LPR-0700-05","name":"LPR-0700-05"}},{"type":"Feature","geometry":{"type":"Point","coordinates":[-74.159611,40.763315]},"properties":{"id":"LPR-0700-07","name":"LPR-0700-07"}},{"type":"Feature","geometry":{"type":"Point","coordinates":[-74.159932,40.764316]},"properties":{"id":"LPR-0704-MB-W","name":"LPR-0704-MB-W"}},{"type":"Feature","geometry":{"type":"Point","coordinates":[-74.159033,40.763899]},"properties":{"id":"LPR-0705-01","name":"LPR-0705-01"}},{"type":"Feature","geometry":{"type":"Point","coordinates":[-74.159472,40.764512]},"properties":{"id":"LPR-0707-01","name":"LPR-0707-01"}},{"type":"Feature","geometry":{"type":"Point","coordinates":[-74.159455,40.76507]},"properties":{"id":"LPR-0710-01","name":"LPR-0710-01"}},{"type":"Feature","geometry":{"type":"Point","coordinates":[-74.159243,40.764943]},"properties":{"id":"LPR-0710-02","name":"LPR-0710-02"}},{"type":"Feature","geometry":{"type":"Point","coordinates":[-74.159039,40.764822]},"properties":{"id":"LPR-0710-03","name":"LPR-0710-03"}},{"type":"Feature","geometry":{"type":"Point","coordinates":[-74.158823,40.764693]},"properties":{"id":"LPR-0710-04","name":"LPR-0710-04"}},{"type":"Feature","geometry":{"type":"Point","coordinates":[-74.158628,40.764565]},"properties":{"id":"LPR-0710-05","name":"LPR-0710-05"}},{"type":"Feature","geometry":{"type":"Point","coordinates":[-74.159272,40.765285]},"properties":{"id":"LPR-0711-01","name":"LPR-0711-01"}},{"type":"Feature","geometry":{"type":"Point","coordinates":[-74.159088,40.765198]},"properties":{"id":"LPR-0711-MB-W","name":"LPR-0711-MB-W"}},{"type":"Feature","geometry":{"type":"Point","coordinates":[-74.158235,40.764851]},"properties":{"id":"LPR-0712-MB-E","name":"LPR-0712-MB-E"}},{"type":"Feature","geometry":{"type":"Point","coordinates":[-74.158332,40.764968]},"properties":{"id":"LPR-0713-01","name":"LPR-0713-01"}},{"type":"Feature","geometry":{"type":"Point","coordinates":[-74.15878,40.765727]},"properties":{"id":"LPR-0715-01","name":"LPR-0715-01"}},{"type":"Feature","geometry":{"type":"Point","coordinates":[-74.158641,40.765593]},"properties":{"id":"LPR-0715-02","name":"LPR-0715-02"}},{"type":"Feature","geometry":{"type":"Point","coordinates":[-74.158913,40.765797]},"properties":{"id":"LPR-0715-03","name":"LPR-0715-03"}},{"type":"Feature","geometry":{"type":"Point","coordinates":[-74.158545,40.766314]},"properties":{"id":"LPR-0720-01","name":"LPR-0720-01"}},{"type":"Feature","geometry":{"type":"Point","coordinates":[-74.1583,40.766184]},"properties":{"id":"LPR-0720-02","name":"LPR-0720-02"}},{"type":"Feature","geometry":{"type":"Point","coordinates":[-74.158047,40.76606]},"properties":{"id":"LPR-0720-03","name":"LPR-0720-03"}},{"type":"Feature","geometry":{"type":"Point","coordinates":[-74.157817,40.765931]},"properties":{"id":"LPR-0720-04","name":"LPR-0720-04"}},{"type":"Feature","geometry":{"type":"Point","coordinates":[-74.157591,40.765795]},"properties":{"id":"LPR-0720-05","name":"LPR-0720-05"}},{"type":"Feature","geometry":{"type":"Point","coordinates":[-74.157425,40.765709]},"properties":{"id":"LPR-0720-06","name":"LPR-0720-06"}},{"type":"Feature","geometry":{"type":"Point","coordinates":[-74.157469,40.765751]},"properties":{"id":"LPR-0720-07","name":"LPR-0720-07"}},{"type":"Feature","geometry":{"type":"Point","coordinates":[-74.157238,40.765996]},"properties":{"id":"LPR-0722-MB-E","name":"LPR-0722-MB-E"}},{"type":"Feature","geometry":{"type":"Point","coordinates":[-74.158132,40.76691]},"properties":{"id":"LPR-0726-01","name":"LPR-0726-01"}},{"type":"Feature","geometry":{"type":"Point","coordinates":[-74.156462,40.767034]},"properties":{"id":"LPR-0729-01","name":"LPR-0729-01"}},{"type":"Feature","geometry":{"type":"Point","coordinates":[-74.157746,40.767384]},"properties":{"id":"LPR-0730-01","name":"LPR-0730-01"}},{"type":"Feature","geometry":{"type":"Point","coordinates":[-74.157474,40.767324]},"properties":{"id":"LPR-0730-02","name":"LPR-0730-02"}},{"type":"Feature","geometry":{"type":"Point","coordinates":[-74.157199,40.767252]},"properties":{"id":"LPR-0730-03","name":"LPR-0730-03"}},{"type":"Feature","geometry":{"type":"Point","coordinates":[-74.15693,40.767178]},"properties":{"id":"LPR-0730-04","name":"LPR-0730-04"}},{"type":"Feature","geometry":{"type":"Point","coordinates":[-74.156658,40.767112]},"properties":{"id":"LPR-0730-05","name":"LPR-0730-05"}},{"type":"Feature","geometry":{"type":"Point","coordinates":[-74.157578,40.767517]},"properties":{"id":"LPR-0731-01","name":"LPR-0731-01"}},{"type":"Feature","geometry":{"type":"Point","coordinates":[-74.157225,40.767822]},"properties":{"id":"LPR-0733-01","name":"LPR-0733-01"}},{"type":"Feature","geometry":{"type":"Point","coordinates":[-74.156634,40.767807]},"properties":{"id":"LPR-0734-01","name":"LPR-0734-01"}},{"type":"Feature","geometry":{"type":"Point","coordinates":[-74.156905,40.768054]},"properties":{"id":"LPR-0735-01","name":"LPR-0735-01"}},{"type":"Feature","geometry":{"type":"Point","coordinates":[-74.156621,40.768535]},"properties":{"id":"LPR-0739-01","name":"LPR-0739-01"}},{"type":"Feature","geometry":{"type":"Point","coordinates":[-74.156352,40.768544]},"properties":{"id":"LPR-0739-02","name":"LPR-0739-02"}},{"type":"Feature","geometry":{"type":"Point","coordinates":[-74.15581,40.768686]},"properties":{"id":"LPR-0740-10","name":"LPR-0740-10"}},{"type":"Feature","geometry":{"type":"Point","coordinates":[-74.155946,40.769238]},"properties":{"id":"LPR-0744-01","name":"LPR-0744-01"}},{"type":"Feature","geometry":{"type":"Point","coordinates":[-74.157187,40.770087]},"properties":{"id":"LPR-0750-01","name":"LPR-0750-01"}},{"type":"Feature","geometry":{"type":"Point","coordinates":[-74.156848,40.770081]},"properties":{"id":"LPR-0750-02","name":"LPR-0750-02"}},{"type":"Feature","geometry":{"type":"Point","coordinates":[-74.156499,40.770054]},"properties":{"id":"LPR-0750-03","name":"LPR-0750-03"}},{"type":"Feature","geometry":{"type":"Point","coordinates":[-74.156142,40.770031]},"properties":{"id":"LPR-0750-04","name":"LPR-0750-04"}},{"type":"Feature","geometry":{"type":"Point","coordinates":[-74.155791,40.770027]},"properties":{"id":"LPR-0750-05","name":"LPR-0750-05"}},{"type":"Feature","geometry":{"type":"Point","coordinates":[-74.155454,40.770009]},"properties":{"id":"LPR-0750-06","name":"LPR-0750-06"}},{"type":"Feature","geometry":{"type":"Point","coordinates":[-74.15511,40.769993]},"properties":{"id":"LPR-0750-07","name":"LPR-0750-07"}},{"type":"Feature","geometry":{"type":"Point","coordinates":[-74.156966,40.770082]},"properties":{"id":"LPR-0750-09","name":"LPR-0750-09"}},{"type":"Feature","geometry":{"type":"Point","coordinates":[-74.15694,40.770248]},"properties":{"id":"LPR-0751-01","name":"LPR-0751-01"}},{"type":"Feature","geometry":{"type":"Point","coordinates":[-74.156954,40.770344]},"properties":{"id":"LPR-0751-MB-W","name":"LPR-0751-MB-W"}},{"type":"Feature","geometry":{"type":"Point","coordinates":[-74.155937,40.770354]},"properties":{"id":"LPR-0752-01","name":"LPR-0752-01"}},{"type":"Feature","geometry":{"type":"Point","coordinates":[-74.155944,40.770182]},"properties":{"id":"LPR-0752-01R","name":"LPR-0752-01R"}},{"type":"Feature","geometry":{"type":"Point","coordinates":[-74.156417,40.770983]},"properties":{"id":"LPR-0756-01","name":"LPR-0756-01"}},{"type":"Feature","geometry":{"type":"Point","coordinates":[-74.155996,40.771438]},"properties":{"id":"LPR-0760-02","name":"LPR-0760-02"}},{"type":"Feature","geometry":{"type":"Point","coordinates":[-74.155708,40.771336]},"properties":{"id":"LPR-0760-03","name":"LPR-0760-03"}},{"type":"Feature","geometry":{"type":"Point","coordinates":[-74.155426,40.771251]},"properties":{"id":"LPR-0760-04","name":"LPR-0760-04"}},{"type":"Feature","geometry":{"type":"Point","coordinates":[-74.155124,40.771146]},"properties":{"id":"LPR-0760-05","name":"LPR-0760-05"}},{"type":"Feature","geometry":{"type":"Point","coordinates":[-74.154847,40.771028]},"properties":{"id":"LPR-0760-06","name":"LPR-0760-06"}},{"type":"Feature","geometry":{"type":"Point","coordinates":[-74.154561,40.770939]},"properties":{"id":"LPR-0760-07","name":"LPR-0760-07"}},{"type":"Feature","geometry":{"type":"Point","coordinates":[-74.156192,40.771503]},"properties":{"id":"LPR-0760-09","name":"LPR-0760-09"}},{"type":"Feature","geometry":{"type":"Point","coordinates":[-74.155081,40.771175]},"properties":{"id":"LPR-0760-MB-E","name":"LPR-0760-MB-E"}},{"type":"Feature","geometry":{"type":"Point","coordinates":[-74.156266,40.771563]},"properties":{"id":"LPR-0760-MB-W","name":"LPR-0760-MB-W"}},{"type":"Feature","geometry":{"type":"Point","coordinates":[-74.155898,40.77184]},"properties":{"id":"LPR-0762-01","name":"LPR-0762-01"}},{"type":"Feature","geometry":{"type":"Point","coordinates":[-74.156033,40.771918]},"properties":{"id":"LPR-0762-MB-W","name":"LPR-0762-MB-W"}},{"type":"Feature","geometry":{"type":"Point","coordinates":[-74.155431,40.771938]},"properties":{"id":"LPR-0764-01","name":"LPR-0764-01"}},{"type":"Feature","geometry":{"type":"Point","coordinates":[-74.155138,40.77186]},"properties":{"id":"LPR-0765-01","name":"LPR-0765-01"}},{"type":"Feature","geometry":{"type":"Point","coordinates":[-74.15434,40.772113]},"properties":{"id":"LPR-0769-MB-E","name":"LPR-0769-MB-E"}},{"type":"Feature","geometry":{"type":"Point","coordinates":[-74.155256,40.772881]},"properties":{"id":"LPR-0770-01","name":"LPR-0770-01"}},{"type":"Feature","geometry":{"type":"Point","coordinates":[-74.155022,40.772748]},"properties":{"id":"LPR-0770-02","name":"LPR-0770-02"}},{"type":"Feature","geometry":{"type":"Point","coordinates":[-74.154813,40.772598]},"properties":{"id":"LPR-0770-03","name":"LPR-0770-03"}},{"type":"Feature","geometry":{"type":"Point","coordinates":[-74.15461,40.772457]},"properties":{"id":"LPR-0770-04","name":"LPR-0770-04"}},{"type":"Feature","geometry":{"type":"Point","coordinates":[-74.1544,40.772316]},"properties":{"id":"LPR-0770-05","name":"LPR-0770-05"}},{"type":"Feature","geometry":{"type":"Point","coordinates":[-74.154182,40.772161]},"properties":{"id":"LPR-0770-06","name":"LPR-0770-06"}},{"type":"Feature","geometry":{"type":"Point","coordinates":[-74.153982,40.772033]},"properties":{"id":"LPR-0770-07","name":"LPR-0770-07"}},{"type":"Feature","geometry":{"type":"Point","coordinates":[-74.15423,40.77263]},"properties":{"id":"LPR-0772-01","name":"LPR-0772-01"}},{"type":"Feature","geometry":{"type":"Point","coordinates":[-74.154416,40.773433]},"properties":{"id":"LPR-0775-01","name":"LPR-0775-01"}},{"type":"Feature","geometry":{"type":"Point","coordinates":[-74.153491,40.772822]},"properties":{"id":"LPR-0775-02","name":"LPR-0775-02"}},{"type":"Feature","geometry":{"type":"Point","coordinates":[-74.15349,40.773088]},"properties":{"id":"LPR-0777-01","name":"LPR-0777-01"}},{"type":"Feature","geometry":{"type":"Point","coordinates":[-74.154138,40.774068]},"properties":{"id":"LPR-0780-01","name":"LPR-0780-01"}},{"type":"Feature","geometry":{"type":"Point","coordinates":[-74.153655,40.773761]},"properties":{"id":"LPR-0780-03","name":"LPR-0780-03"}},{"type":"Feature","geometry":{"type":"Point","coordinates":[-74.153439,40.773605]},"properties":{"id":"LPR-0780-04","name":"LPR-0780-04"}},{"type":"Feature","geometry":{"type":"Point","coordinates":[-74.153195,40.773441]},"properties":{"id":"LPR-0780-05","name":"LPR-0780-05"}},{"type":"Feature","geometry":{"type":"Point","coordinates":[-74.153808,40.773859]},"properties":{"id":"LPR-0780-07","name":"LPR-0780-07"}},{"type":"Feature","geometry":{"type":"Point","coordinates":[-74.152601,40.773819]},"properties":{"id":"LPR-0784-01","name":"LPR-0784-01"}},{"type":"Feature","geometry":{"type":"Point","coordinates":[-74.152447,40.773915]},"properties":{"id":"LPR-0785-MB-E","name":"LPR-0785-MB-E"}},{"type":"Feature","geometry":{"type":"Point","coordinates":[-74.152877,40.775143]},"properties":{"id":"LPR-0790-01","name":"LPR-0790-01"}},{"type":"Feature","geometry":{"type":"Point","coordinates":[-74.152647,40.774983]},"properties":{"id":"LPR-0790-02","name":"LPR-0790-02"}},{"type":"Feature","geometry":{"type":"Point","coordinates":[-74.15241,40.774843]},"properties":{"id":"LPR-0790-03","name":"LPR-0790-03"}},{"type":"Feature","geometry":{"type":"Point","coordinates":[-74.152242,40.774933]},"properties":{"id":"LPR-0790-03R","name":"LPR-0790-03R"}},{"type":"Feature","geometry":{"type":"Point","coordinates":[-74.152173,40.774691]},"properties":{"id":"LPR-0790-04","name":"LPR-0790-04"}},{"type":"Feature","geometry":{"type":"Point","coordinates":[-74.15193,40.774547]},"properties":{"id":"LPR-0790-05","name":"LPR-0790-05"}},{"type":"Feature","geometry":{"type":"Point","coordinates":[-74.152049,40.774606]},"properties":{"id":"LPR-0790-07","name":"LPR-0790-07"}},{"type":"Feature","geometry":{"type":"Point","coordinates":[-74.151672,40.774588]},"properties":{"id":"LPR-0791-MB-E","name":"LPR-0791-MB-E"}},{"type":"Feature","geometry":{"type":"Point","coordinates":[-74.15119,40.774951]},"properties":{"id":"LPR-0794-01","name":"LPR-0794-01"}},{"type":"Feature","geometry":{"type":"Point","coordinates":[-74.151562,40.775566]},"properties":{"id":"LPR-0796-01","name":"LPR-0796-01"}},{"type":"Feature","geometry":{"type":"Point","coordinates":[-74.151363,40.775314]},"properties":{"id":"LPR-0796-02","name":"LPR-0796-02"}},{"type":"Feature","geometry":{"type":"Point","coordinates":[-74.151028,40.775277]},"properties":{"id":"LPR-0796-03","name":"LPR-0796-03"}},{"type":"Feature","geometry":{"type":"Point","coordinates":[-74.150912,40.775352]},"properties":{"id":"LPR-0797-MB-E","name":"LPR-0797-MB-E"}},{"type":"Feature","geometry":{"type":"Point","coordinates":[-74.151575,40.776219]},"properties":{"id":"LPR-0800-01","name":"LPR-0800-01"}},{"type":"Feature","geometry":{"type":"Point","coordinates":[-74.15139,40.776084]},"properties":{"id":"LPR-0800-02","name":"LPR-0800-02"}},{"type":"Feature","geometry":{"type":"Point","coordinates":[-74.151168,40.775954]},"properties":{"id":"LPR-0800-03","name":"LPR-0800-03"}},{"type":"Feature","geometry":{"type":"Point","coordinates":[-74.150986,40.775821]},"properties":{"id":"LPR-0800-04","name":"LPR-0800-04"}},{"type":"Feature","geometry":{"type":"Point","coordinates":[-74.150768,40.7757]},"properties":{"id":"LPR-0800-05","name":"LPR-0800-05"}},{"type":"Feature","geometry":{"type":"Point","coordinates":[-74.150566,40.775552]},"properties":{"id":"LPR-0800-06","name":"LPR-0800-06"}},{"type":"Feature","geometry":{"type":"Point","coordinates":[-74.150618,40.776049]},"properties":{"id":"LPR-0802-01","name":"LPR-0802-01"}},{"type":"Feature","geometry":{"type":"Point","coordinates":[-74.150851,40.776524]},"properties":{"id":"LPR-0804-01","name":"LPR-0804-01"}},{"type":"Feature","geometry":{"type":"Point","coordinates":[-74.150813,40.776822]},"properties":{"id":"LPR-0805-01","name":"LPR-0805-01"}},{"type":"Feature","geometry":{"type":"Point","coordinates":[-74.150183,40.777137]},"properties":{"id":"LPR-0810-02","name":"LPR-0810-02"}},{"type":"Feature","geometry":{"type":"Point","coordinates":[-74.150002,40.777052]},"properties":{"id":"LPR-0810-03","name":"LPR-0810-03"}},{"type":"Feature","geometry":{"type":"Point","coordinates":[-74.14939,40.776955]},"properties":{"id":"LPR-0811-MB-E","name":"LPR-0811-MB-E"}},{"type":"Feature","geometry":{"type":"Point","coordinates":[-74.149558,40.777324]},"properties":{"id":"LPR-0812-02","name":"LPR-0812-02"}},{"type":"Feature","geometry":{"type":"Point","coordinates":[-74.149362,40.777817]},"properties":{"id":"LPR-0816-01","name":"LPR-0816-01"}},{"type":"Feature","geometry":{"type":"Point","coordinates":[-74.149437,40.778088]},"properties":{"id":"LPR-0817-01","name":"LPR-0817-01"}},{"type":"Feature","geometry":{"type":"Point","coordinates":[-74.149316,40.778423]},"properties":{"id":"LPR-0820-01","name":"LPR-0820-01"}},{"type":"Feature","geometry":{"type":"Point","coordinates":[-74.149106,40.778331]},"properties":{"id":"LPR-0820-02","name":"LPR-0820-02"}},{"type":"Feature","geometry":{"type":"Point","coordinates":[-74.148918,40.778237]},"properties":{"id":"LPR-0820-03","name":"LPR-0820-03"}},{"type":"Feature","geometry":{"type":"Point","coordinates":[-74.148315,40.778106]},"properties":{"id":"LPR-0820-MB-E","name":"LPR-0820-MB-E"}},{"type":"Feature","geometry":{"type":"Point","coordinates":[-74.148859,40.778819]},"properties":{"id":"LPR-0823-01","name":"LPR-0823-01"}},{"type":"Feature","geometry":{"type":"Point","coordinates":[-74.148583,40.778611]},"properties":{"id":"LPR-0823-02","name":"LPR-0823-02"}},{"type":"Feature","geometry":{"type":"Point","coordinates":[-74.148025,40.778867]},"properties":{"id":"LPR-0825-MB-E","name":"LPR-0825-MB-E"}}]}